title,preparation_min,cooking_min,health_score,area,general_protein,protein,chicken?,beef?,lamb?,pork?,seafood?,other?,calories(kcal),fat(g),saturated_fat(g),carbohydrates(g),net_carbohydrate(g),sugar(g),cholesterol(mg),sodium(mg),protein(g),vitamin_B3(mg),vitamin_B6(mg),selenium(µg),phosphorus(mg),vitamin_B5(mg),potassium(mg),manganese(mg),magnesium(mg),vitamin_B2(mg),vitamin_E(mg),fiber(g),zinc(mg),vitamin_B1(mg),copper(mg),iron(mg),vitamin_B12(µg),vitamin_K(µg),calcium(mg),folate(µg),vitamin_C(mg),vitamin_A(IU),vitamin_D(µg),total_time,time_score_norm,health_score_norm
Goan prawn & coconut curry with cumin rice,15,15,66,Indian,seafood,shrimp,0,0,0,0,1,0,816.34,20.41,12.38,121.94,113.54,7.0,161.0,313.21,33.01,61.88,1.02,15.55,491.43,1.67,1609.84,1.75,140.19,0.2,4.16,8.41,3.35,0.31,0.95,5.16,0.0,82.59,194.9,678.57,194.0,2360.8,0.0,30,96.0,66.0
One Pot Curry Chicken and Rice,10,20,18,Indian,chicken,chicken breast,1,0,0,0,0,0,518.82,20.72,12.04,40.45,39.35,1.1,111.21,1228.02,41.49,19.15,1.38,62.15,474.58,2.99,851.4,1.08,87.38,0.27,1.36,1.1,1.96,0.18,0.31,3.4,0.36,4.46,45.65,20.74,2.78,69.86,0.17,30,96.0,18.0
Penang prawn & pineapple curry,25,40,22,Indian,seafood,shrimp,0,0,0,0,1,0,378.77,27.65,14.1,29.22,24.61,17.26,48.3,51.62,9.13,11.24,0.26,2.25,162.08,0.44,499.21,2.14,66.53,0.06,5.55,4.62,1.18,0.16,0.45,3.37,0.0,3.38,79.42,142.43,75.26,115.01,0.0,65,90.0,22.0
Creamy chicken & mango curry,10,60,25,Indian,chicken,chicken thighs,1,0,0,0,0,0,494.68,21.35,8.16,24.8,21.93,14.07,217.74,407.81,47.78,14.92,1.24,54.1,481.74,2.93,931.7,0.25,77.79,0.53,3.07,2.87,3.83,0.29,0.32,3.45,1.45,10.21,71.01,53.25,30.49,3175.6,0.0,70,90.0,25.0
One Pan Chicken Meatballs in Pumpkin Curry Sauce,15,30,23,Indian,chicken,ground chicken,1,0,0,0,0,0,596.37,27.82,12.02,58.1,51.88,8.06,145.11,774.0,28.05,9.28,0.94,19.05,376.77,2.07,1053.02,1.25,91.75,0.46,2.74,6.22,2.99,0.3,0.3,3.7,0.73,39.04,69.41,61.42,51.47,11474.09,0.22,45,94.0,23.0
Thai Green Curry with Chicken,5,30,22,Indian,chicken,chicken thighs,1,0,0,0,0,0,422.28,29.38,22.22,19.2,14.56,6.07,107.73,535.07,26.79,8.24,0.91,27.14,373.25,1.93,911.8,1.18,112.36,0.33,1.28,4.63,2.81,0.24,0.43,6.46,0.73,48.22,95.99,67.81,91.53,1876.64,0.0,35,95.0,22.0
Creamy Coconut Curry with Shrimp and Corn,10,15,8,Indian,seafood,shrimp,0,0,0,0,1,0,308.25,22.02,18.63,11.04,10.07,2.81,146.53,446.41,21.56,1.36,0.09,0.0,315.8,0.44,565.65,0.8,87.58,0.04,0.2,0.97,1.93,0.09,0.58,3.67,0.0,5.65,80.72,31.13,9.95,212.36,0.0,25,97.0,8.0
Lamb masala meatball curry,20,30,20,Indian,lamb,ground lamb,0,0,1,0,0,0,503.6,38.12,19.57,21.43,14.74,7.98,74.27,331.0,20.98,7.46,0.4,22.71,244.82,1.11,703.77,0.83,66.7,0.3,2.05,6.69,4.17,0.22,0.45,4.02,2.33,12.97,94.21,38.77,15.92,229.91,0.0,50,93.0,20.0
Pork vindaloo,15,55,42,Indian,pork,pork shoulder,0,0,0,1,0,0,367.45,13.28,4.25,25.63,21.59,5.86,104.7,302.28,34.61,8.14,0.89,49.44,384.0,1.49,863.54,1.29,64.33,0.6,0.9,4.03,5.56,1.43,0.3,3.84,1.28,7.76,88.76,27.82,9.57,947.58,0.0,70,90.0,42.0
Instant Pot Coconut Curry Chicken,10,20,18,Indian,chicken,chicken thighs,1,0,0,0,0,0,485.33,31.49,20.57,16.4,14.54,1.64,161.59,753.47,36.29,10.56,0.95,40.95,443.14,2.38,768.76,1.17,102.34,0.35,1.65,1.87,3.48,0.21,0.38,6.22,1.09,27.05,76.72,38.34,27.09,718.76,0.0,30,96.0,18.0
Salmon Coconut Curry with Spinach and Chickpeas,5,20,100,Indian,seafood,salmon fillets,0,0,0,0,1,0,462.61,21.8,8.83,23.13,16.84,1.56,93.55,774.53,40.68,13.98,2.08,65.18,459.37,3.23,1275.68,1.35,113.81,0.75,1.26,6.29,2.13,0.47,0.67,4.08,5.41,175.0,106.99,145.2,28.4,3522.64,0.0,25,97.0,100.0
French bean & duck Thai curry,20,105,60,Thai,other,duck breast,0,0,0,0,0,1,656.38,33.7,24.31,41.56,38.23,9.1,130.51,836.13,48.81,7.67,1.15,41.13,540.15,1.6,1358.69,0.98,207.5,0.58,0.29,3.33,1.93,0.97,1.26,14.87,22.08,5.03,164.59,36.03,37.29,3816.85,0.0,125,81.0,60.0
How to Make Pakistani Beef Kofta Curry,20,30,10,Indian,beef,ground chuck,0,0,0,0,0,1,398.68,31.01,8.24,12.24,9.68,6.25,64.47,275.61,17.74,4.12,0.46,14.12,234.33,0.72,536.05,0.23,40.34,0.22,2.93,2.56,4.05,0.11,0.17,2.48,1.93,18.39,146.38,42.17,32.25,572.01,0.0,50,93.0,10.0
Cashew curry,20,60,44,Indian,chicken,chicken breast,1,0,0,0,0,0,626.3,31.54,12.24,36.79,30.69,14.52,112.22,769.26,52.8,21.42,1.77,67.46,721.44,3.21,1597.65,1.01,189.62,0.57,2.37,6.11,3.92,0.45,1.17,5.51,0.69,23.88,152.39,69.4,37.49,1019.95,0.18,80,88.0,44.0
One-Skillet Chicken Green Curry with Rice,15,30,34,Indian,chicken,chicken thighs,1,0,0,0,0,0,589.71,34.8,20.62,49.77,43.34,7.05,89.84,564.54,24.24,7.13,0.82,26.01,390.58,2.44,1131.53,1.54,110.26,0.4,1.96,6.44,2.88,0.27,0.45,5.34,0.59,144.57,131.81,125.77,154.32,9948.14,0.0,45,94.0,34.0
Yellow Coconut Curry Chicken,15,25,17,Indian,chicken,chicken breast,1,0,0,0,0,0,358.24,19.96,13.54,26.04,22.9,5.55,48.38,245.2,22.22,11.11,0.95,25.32,322.64,1.49,989.27,0.84,82.17,0.17,1.46,3.14,1.36,0.16,0.35,4.49,0.27,10.32,64.36,35.15,9.08,5740.8,0.0,40,94.0,17.0
"Quick prawn, coconut & tomato curry",10,20,8,Indian,seafood,shrimp,0,0,0,0,1,0,275.88,18.9,16.05,9.38,6.9,2.97,140.88,344.96,20.08,0.56,0.08,0.0,261.29,0.2,459.86,0.76,48.93,0.0,0.0,2.48,1.74,0.03,0.56,2.06,0.0,0.0,87.16,17.4,6.64,1898.75,0.0,30,96.0,8.0
30-Minute Chicken Green Curry,10,20,68,Indian,chicken,chicken breast,1,0,0,0,0,0,402.16,26.52,21.06,32.57,21.54,9.8,18.08,195.65,18.29,6.61,0.97,17.67,408.27,2.57,1587.27,1.65,141.36,0.46,3.5,11.03,2.45,0.33,0.53,6.87,0.0,337.88,224.24,239.78,316.25,13274.84,0.0,30,96.0,68.0
Turkey Meatball Curry,15,30,14,Indian,other,ground turkey,0,0,0,0,0,1,497.76,34.7,23.06,19.86,16.6,8.31,103.29,673.12,31.1,12.0,1.12,35.09,394.28,1.44,709.88,1.13,77.95,0.26,0.62,3.26,2.96,0.13,0.36,3.23,0.68,13.38,54.75,43.8,25.41,1795.03,0.67,45,94.0,14.000000000000002
"Thai prawn, squash & pineapple curry",25,22,19,Indian,seafood,shrimp,0,0,0,0,1,0,390.97,24.28,19.81,27.42,21.68,15.49,122.27,663.7,20.98,2.74,0.31,8.0,304.7,0.52,871.3,1.09,107.49,0.09,1.56,5.74,2.18,0.18,0.73,3.5,0.0,5.52,151.13,44.79,25.9,11996.51,0.0,47,93.0,19.0
Slow cooker lamb curry,10,360,100,Indian,lamb,lamb,0,0,1,0,0,0,728.44,34.2,13.53,72.4,53.66,14.29,87.6,674.1,36.38,11.98,1.32,27.74,517.77,2.44,1480.84,3.18,177.97,0.57,3.15,18.74,6.93,0.61,0.86,9.41,2.77,162.7,312.57,175.72,61.84,7771.27,0.0,370,41.0,100.0
Thai Shrimp Curry,10,35,20,Indian,seafood,shrimp,0,0,0,0,1,0,710.14,63.65,55.79,25.4,19.61,2.51,91.29,487.2,19.53,2.24,0.27,1.08,375.4,0.69,962.15,2.52,86.39,0.03,0.19,5.8,2.71,0.1,0.97,5.15,0.0,4.61,83.13,55.94,27.56,2131.61,0.0,45,94.0,20.0
Next level Thai green curry,60,30,20,Indian,chicken,chicken thighs,1,0,0,0,1,0,320.06,7.68,1.91,23.84,21.37,6.93,203.78,998.26,38.41,10.4,1.04,41.78,375.75,2.32,745.08,0.79,83.68,0.38,0.62,2.48,3.16,0.23,0.23,3.7,1.13,24.34,82.63,39.53,50.05,481.58,0.0,90,86.0,20.0
Spicy Coconut Basil Chicken Curry with Garden Vegetables,10,20,24,Indian,chicken,chicken thighs,1,0,0,0,0,0,648.69,41.22,24.02,45.1,38.65,9.59,107.73,178.68,30.15,8.97,0.99,39.69,456.82,2.39,1073.98,1.82,124.94,0.4,2.66,6.44,3.64,0.3,0.59,4.78,0.73,24.68,96.12,82.36,28.95,537.9,0.0,30,96.0,24.0
Sea bass curry,20,40,29,Indian,seafood,seabass fillets,0,0,0,0,1,0,451.95,19.22,2.04,30.89,25.7,17.89,250.0,493.8,41.21,5.0,0.86,63.28,429.35,1.65,1114.22,0.63,114.69,0.16,3.39,5.2,1.29,0.32,0.22,4.52,6.49,52.69,121.35,63.41,22.1,2398.41,0.0,60,91.0,28.999999999999996
Sheet Pan Kickin' Curry Honey Mustard Chicken & Veggies,15,30,40,Indian,chicken,chicken thighs,1,0,0,0,0,0,481.84,15.17,2.89,50.39,42.7,23.46,161.59,964.58,38.53,11.77,1.33,45.59,467.19,2.77,1352.51,0.64,97.45,0.45,2.61,7.69,3.52,0.4,0.32,4.03,1.09,120.57,94.73,77.63,74.53,9570.08,0.0,45,94.0,40.0
Quick Green Curry Chicken with Zucchini Noodles,20,15,26,Indian,chicken,chicken thighs,1,0,0,0,0,0,351.96,21.17,10.19,11.48,8.4,6.65,134.66,885.91,30.71,9.44,1.04,32.61,380.83,2.26,975.9,0.72,87.22,0.43,2.14,3.09,3.03,0.24,0.28,3.52,0.91,24.62,67.4,69.64,82.29,5576.31,0.0,35,95.0,26.0
Prawn & coconut curry,20,12,6,Indian,seafood,shrimp,0,0,0,0,1,0,226.35,12.88,8.14,13.4,11.03,5.44,120.75,183.54,17.29,0.88,0.22,0.89,221.6,0.32,522.18,0.58,56.31,0.06,2.19,2.37,1.53,0.08,0.53,1.82,0.0,6.12,85.61,16.58,26.57,220.46,0.0,32,96.0,6.0
Jamaican Curry Chicken,15,40,26,Indian,chicken,chicken breast,1,0,0,0,0,0,425.68,18.82,9.06,28.53,23.35,4.01,90.72,927.69,33.36,16.37,1.56,47.06,390.26,2.44,1150.0,0.54,80.22,0.23,3.23,5.18,1.48,0.21,0.21,3.51,0.28,14.6,64.15,49.29,69.92,1164.35,0.0,55,92.0,26.0
Thai Green Coconut Curry (Pei Wei Inspired),15,15,28,Indian,chicken,chicken breast,1,0,0,0,0,0,508.36,34.89,27.94,25.83,19.75,15.65,72.32,321.31,28.49,13.66,1.22,43.23,388.83,2.14,1046.37,1.22,91.43,0.21,1.21,6.08,1.68,0.19,0.41,3.41,0.23,25.36,85.03,55.15,81.87,7892.77,0.0,30,96.0,28.000000000000004
Cheat’s katsu curry,15,25,39,Indian,beef,steak,0,1,0,0,0,0,644.47,40.16,16.66,21.89,19.42,5.89,147.84,1226.95,49.36,12.7,1.08,57.53,398.68,0.34,887.71,0.39,74.88,0.61,0.87,2.48,12.1,0.27,0.28,4.91,3.75,21.85,52.59,41.03,16.15,5863.49,0.23,40,94.0,39.0
Ground Beef Curry with Peas (Keema Matar) ,5,45,13,Indian,chicken,ground chicken,1,0,0,0,0,0,258.92,10.78,2.98,16.59,11.01,6.82,107.5,747.95,25.34,8.27,0.85,14.21,302.55,1.55,1019.14,0.8,58.36,0.39,0.93,5.58,2.66,0.29,0.24,2.35,0.7,22.12,55.68,45.98,31.07,1027.37,0.0,50,93.0,13.0
Coconut Curry Shrimp Rice Bowl,15,25,17,Indian,seafood,shrimp,0,0,0,0,1,0,420.39,14.71,10.95,45.39,42.18,4.86,182.86,701.89,28.28,1.77,0.25,10.61,369.87,0.78,674.03,1.13,81.16,0.08,1.35,3.21,2.57,0.08,0.74,2.35,0.0,6.94,109.94,32.48,43.45,1125.27,0.0,40,94.0,17.0
Lamb & mango curry,10,165,24,Indian,lamb,lamb shoulder,0,0,1,0,0,0,345.77,21.1,15.77,22.66,17.85,14.48,53.76,83.32,20.34,6.5,0.36,24.53,269.15,0.99,763.02,1.35,72.08,0.26,1.43,4.81,4.39,0.18,0.44,3.99,2.24,8.6,65.27,74.02,36.47,1239.28,0.0,175,73.0,24.0
Courtney's Curry Chicken Noodle Soup,15,45,16,Indian,chicken,chicken thighs,1,0,0,0,0,0,398.95,13.32,6.53,45.82,43.36,2.82,71.82,939.2,22.98,8.36,0.54,23.95,323.34,1.08,693.58,0.73,54.45,0.3,0.79,2.46,2.12,0.13,0.29,2.84,0.73,32.0,66.54,33.8,37.97,4527.62,0.0,60,91.0,16.0
Curry Turkey Pot Pie,50,60,10,Indian,other,whole turkey,0,0,0,0,0,1,396.43,23.81,11.96,29.89,26.19,5.38,78.05,796.1,16.46,5.92,0.51,16.53,202.66,0.86,495.9,0.41,40.98,0.33,0.93,3.7,1.64,0.26,0.16,2.16,0.7,17.33,81.29,66.26,12.87,4730.38,0.0,110,83.0,10.0
Thai green prawn curry,10,5,37,Indian,seafood,shrimp,0,0,0,0,1,0,720.31,42.09,24.71,59.18,53.78,7.85,136.85,464.37,30.86,2.54,0.41,37.16,476.42,1.15,908.24,1.86,142.85,0.12,6.23,5.4,3.02,0.22,0.88,7.68,0.0,32.26,165.19,71.54,54.34,3449.51,0.0,15,99.0,37.0
Chicken and Broccoli Coconut Curry,10,20,32,Indian,chicken,chicken breast,1,0,0,0,0,0,560.96,48.3,40.87,15.07,11.7,2.69,54.24,739.01,25.25,10.88,0.89,29.92,453.16,2.06,1119.85,1.97,146.89,0.2,1.54,3.38,2.18,0.17,0.57,8.89,0.17,96.08,100.53,95.5,85.79,625.5,0.0,30,96.0,32.0
Chicken Curry (Classic Malaysian Style),20,35,32,Indian,chicken,chicken thighs,1,0,0,0,0,0,434.11,14.33,7.36,39.59,32.38,3.97,161.59,232.48,38.52,17.53,1.45,40.65,485.79,2.68,1387.46,2.95,115.17,0.39,1.67,7.21,3.67,0.33,0.43,6.18,1.09,13.99,105.1,113.63,45.87,322.26,0.0,55,92.0,32.0
Basil Chicken Coconut Curry,15,25,10,Indian,chicken,chicken thighs,1,0,0,0,0,0,479.29,35.59,22.69,17.53,14.0,5.22,107.73,700.76,25.57,7.36,0.68,34.13,343.11,1.71,661.46,1.29,75.48,0.23,1.81,3.54,2.67,0.16,0.39,3.16,0.73,14.88,54.92,30.88,12.57,188.17,0.0,40,94.0,10.0
South Indian coconut & prawn curry,15,30,60,Indian,seafood,cod fillets,0,0,0,0,1,0,294.59,11.85,5.34,33.8,24.5,13.63,30.14,305.13,18.61,61.31,0.74,26.45,305.23,0.88,1365.82,2.39,106.48,0.21,3.63,9.3,1.7,0.25,0.42,3.86,0.65,39.07,144.84,660.24,178.75,14157.9,0.63,45,94.0,60.0
Creamy Coconut Chicken Curry,5,10,34,Indian,chicken,cooked chicken,1,0,0,0,0,0,649.14,22.92,14.81,80.25,73.8,3.83,65.63,373.06,31.55,11.89,0.95,25.79,504.06,2.5,748.17,4.29,193.36,0.23,0.59,6.45,3.83,0.51,0.52,4.69,0.25,24.96,77.96,53.05,8.53,427.7,0.0,15,99.0,34.0
Indian Chicken Curry,20,180,15,Indian,chicken,chicken thighs,1,0,0,0,0,0,463.45,28.93,8.59,20.93,17.02,8.66,156.61,967.39,30.67,9.65,0.85,33.34,341.38,2.08,898.37,0.53,70.0,0.37,2.45,3.91,2.63,0.26,0.4,3.76,1.08,13.99,100.65,33.05,15.72,2184.45,0.15,200,68.0,15.0
Chicken Dal Curry,15,60,27,Indian,chicken,chicken thighs,1,0,0,0,0,0,394.54,11.42,2.43,32.56,22.84,7.08,161.59,1189.77,41.31,10.73,1.13,41.23,468.46,2.78,966.37,0.78,90.57,0.43,1.54,9.72,3.8,0.42,0.45,3.63,1.09,25.26,93.13,99.43,19.72,1429.58,0.0,75,89.0,27.0
Slow Cooker Madras Beef Curry with Vegetables,45,240,47,Indian,beef,beef chuck roast,0,1,0,0,0,0,471.31,19.66,7.83,42.37,35.03,7.21,99.8,821.14,34.62,9.86,1.36,32.35,445.08,1.7,1698.46,0.81,98.7,0.42,2.69,7.34,11.79,0.34,0.48,6.59,3.93,16.25,112.74,49.55,74.84,1524.05,0.16,285,55.0,47.0
One Pan Thai Coconut Yellow Curry Chicken & Rice,10,30,20,Indian,chicken,chicken thighs,1,0,0,0,0,0,473.31,16.17,11.41,51.86,47.72,5.23,107.73,558.7,27.15,8.18,0.83,33.31,313.26,2.16,666.6,0.8,63.26,0.34,1.24,4.15,2.59,0.23,0.24,2.54,0.73,48.96,72.15,52.42,51.46,7116.21,0.0,40,94.0,20.0
Mahi Mahi Panang Curry + Weekly Menu,10,20,27,Indian,seafood,mahi mahi,0,0,0,0,1,0,479.85,23.93,16.83,38.19,30.06,6.72,82.78,830.38,30.94,8.41,0.68,46.59,255.23,1.19,808.68,0.76,85.9,0.13,1.0,8.12,1.2,0.08,0.26,4.91,0.72,5.51,92.78,45.96,59.25,4472.1,0.0,30,96.0,27.0
Lamb meatball curry,5,35,10,Indian,lamb,lamb,0,0,1,0,0,0,329.55,25.42,21.78,24.26,19.44,4.93,2.19,22.99,5.0,2.0,0.33,7.1,162.19,0.5,691.49,1.07,60.76,0.04,0.17,4.83,1.07,0.11,0.38,2.76,0.07,2.11,44.31,32.62,23.46,1774.53,0.0,40,94.0,10.0
Creamy Curry Chicken Salad Wraps,15,20,9,Indian,chicken,chicken breast,1,0,0,0,0,0,152.72,4.83,0.96,5.19,4.17,1.76,55.49,402.35,21.79,9.17,0.72,31.08,251.67,1.37,471.32,0.28,48.89,0.16,0.58,1.01,1.02,0.1,0.18,1.12,0.32,23.52,44.05,18.62,6.87,544.12,0.0,35,95.0,9.0
Thai Paleo Panang Curry,10,30,37,Indian,chicken,chicken breast,1,0,0,0,0,0,723.85,58.77,44.81,12.25,10.01,3.58,108.86,982.47,43.21,19.86,1.48,55.54,614.31,2.9,1265.74,1.9,185.05,0.28,2.74,2.24,2.56,0.18,0.61,8.54,0.38,1.87,104.72,61.7,44.57,3346.44,0.17,40,94.0,37.0
Pressure Cooker Green Curry,15,15,42,Indian,chicken,chicken thighs,1,0,0,0,0,0,738.06,58.41,30.91,23.58,15.09,10.27,166.7,867.85,35.84,10.55,1.11,42.78,512.22,3.03,1408.29,1.51,127.6,0.51,2.25,8.49,3.76,0.32,0.5,4.63,1.11,171.9,137.88,149.27,169.06,8918.45,0.17,30,96.0,42.0
Easy Coconut Shrimp Curry,10,20,13,Indian,seafood,shrimp,0,0,0,0,1,0,612.47,48.35,33.87,21.42,15.85,7.15,208.78,1336.27,31.64,2.33,0.3,1.66,448.68,0.61,1064.12,1.75,104.02,0.08,3.13,5.57,3.14,0.14,1.1,5.51,0.0,13.35,157.48,42.81,15.69,443.2,0.0,30,96.0,13.0
Prawn jalfrezi,10,22,34,Indian,seafood,shrimp,0,0,0,0,1,0,401.67,7.48,0.84,70.41,60.26,24.23,88.2,676.21,18.29,6.09,0.98,23.49,396.36,1.51,1161.4,2.18,141.77,0.21,4.68,10.15,2.48,0.41,0.74,5.0,0.78,27.74,177.52,75.79,96.84,971.6,0.0,32,96.0,34.0
Crab curry,30,75,46,Indian,seafood,crabmeat,0,0,0,0,1,0,554.28,35.61,13.23,31.44,24.08,10.48,54.6,1458.89,30.22,32.44,0.44,54.46,418.56,0.82,855.04,1.23,115.38,0.16,4.71,7.36,8.71,0.19,1.53,4.41,11.78,25.63,172.06,385.76,81.98,1078.43,0.0,105,84.0,46.0
South African Bobotie (Beef Curry Casserole),10,65,12,African,other,meatballs,0,0,0,0,0,1,618.26,42.97,18.61,25.3,22.87,5.45,180.39,590.48,32.28,7.63,0.7,32.61,361.89,1.28,760.77,0.38,49.94,0.43,1.22,2.43,7.04,0.26,0.2,4.59,3.57,4.62,137.46,43.14,6.25,414.41,0.84,75,89.0,12.0
Homemade Massaman Curry,20,30,16,Thai,chicken,chicken breast,1,0,0,0,0,0,360.34,20.16,11.67,27.96,23.86,7.35,36.29,359.81,20.48,10.35,0.82,22.92,295.14,1.42,920.8,0.94,86.0,0.13,0.96,4.1,1.37,0.18,0.36,2.29,0.17,4.71,50.04,43.86,9.74,4156.59,0.0,50,93.0,16.0
Sweet & hot prawn & pineapple curry,15,15,15,Indian,seafood,shrimp,0,0,0,0,1,0,273.32,13.61,10.9,29.64,25.2,18.06,94.5,615.95,13.26,2.9,0.48,26.45,274.75,0.68,562.41,1.88,72.71,0.09,2.08,4.43,1.5,0.16,0.48,2.99,0.84,8.45,93.25,60.6,107.72,518.55,0.0,30,96.0,15.0
Thai red curry,15,20,30,Indian,chicken,chicken thighs,1,0,0,0,0,0,708.71,51.55,39.07,15.31,14.3,3.09,214.7,936.25,48.98,14.31,1.17,53.53,621.85,3.12,1062.71,1.66,163.16,0.42,0.5,1.0,4.67,0.26,0.59,8.95,1.49,11.74,92.55,44.48,21.21,3132.81,0.0,35,95.0,30.0
Thai Salmon Green Curry,10,20,24,Indian,seafood,salmon,0,0,0,0,1,0,385.18,32.1,22.54,12.54,7.77,5.92,31.18,416.98,16.22,5.91,0.69,29.14,268.23,1.58,826.86,1.16,81.21,0.31,1.41,4.77,1.39,0.22,0.48,3.09,1.82,87.05,76.95,81.64,83.31,1901.72,0.0,30,96.0,24.0
Curry Chicken Salad,20,10,29,Indian,chicken,chicken breast,1,0,0,0,0,0,419.69,18.88,8.47,13.0,9.42,2.18,149.35,411.33,51.73,24.22,1.8,75.14,564.03,3.41,1089.01,0.6,101.72,0.38,3.36,3.58,1.96,0.19,0.25,2.06,0.5,8.16,75.84,28.33,5.34,221.05,0.25,30,96.0,28.999999999999996
Chinese Curry Puffs with Beef,105,45,1,Chinese,beef,ground chuck,0,0,0,0,0,1,220.04,15.39,4.55,13.76,12.97,0.54,17.89,246.72,6.58,2.29,0.11,10.54,62.47,0.14,115.33,0.2,11.73,0.12,0.4,0.79,1.25,0.12,0.06,1.52,0.55,5.53,14.01,25.1,0.0,0.0,0.0,150,77.0,1.0
Mom’s Dairy-Free Curry Chicken,15,90,18,Indian,chicken,chicken breast,1,0,0,0,0,0,382.27,13.44,3.2,24.23,23.51,23.36,120.53,415.18,40.61,19.76,1.43,64.13,410.66,2.73,740.89,0.12,56.21,0.21,2.97,0.72,1.25,0.14,0.07,1.18,0.38,8.17,20.83,9.85,2.52,549.94,0.19,105,84.0,18.0
Nightshade-Free AIP Curry,10,30,52,Indian,chicken,chicken breast,1,0,0,0,0,0,450.71,32.39,27.34,31.33,22.76,7.69,24.11,779.05,18.44,7.1,0.96,17.91,405.24,2.23,1502.85,1.95,142.77,0.41,2.18,8.56,2.3,0.28,0.54,7.35,0.08,232.11,174.84,182.52,205.18,9647.18,0.0,40,94.0,52.0
"Chicken, potato & green bean curry",10,30,45,Indian,chicken,chicken thighs,1,0,0,0,0,0,237.64,6.71,1.67,39.88,32.94,11.65,6.97,246.96,7.69,3.15,0.62,2.61,165.68,0.97,1021.47,0.54,69.53,0.21,3.25,6.94,1.05,0.24,0.39,3.25,0.15,30.55,141.02,57.69,41.43,1835.98,0.0,40,94.0,45.0
Easy Chicken Vegetable Curry,10,20,24,Indian,chicken,chicken thighs,1,0,0,0,0,0,513.9,39.85,25.26,16.33,10.49,9.05,107.73,352.54,27.26,8.72,0.77,32.8,378.44,1.91,874.84,1.27,96.22,0.32,2.66,5.84,2.85,0.22,0.42,3.82,0.73,39.94,74.57,65.35,50.49,7631.41,0.0,30,96.0,24.0
Lighter South Indian fish curry,20,20,33,Indian,seafood,white fish fillets,0,0,0,0,1,0,368.71,13.12,7.79,33.25,29.72,9.97,62.5,228.88,28.23,40.24,0.42,58.13,272.13,1.03,616.57,0.51,60.99,0.15,1.78,3.53,0.92,0.12,0.24,1.65,1.98,20.69,64.34,421.6,88.16,918.74,3.88,40,94.0,33.0
Super-quick fish curry,5,10,6,Indian,seafood,fish,0,0,0,0,1,0,78.56,1.21,0.3,15.7,12.88,6.93,0.75,385.42,2.82,1.28,0.2,1.0,44.45,0.33,351.51,0.24,24.01,0.06,1.26,2.82,0.34,0.09,0.2,1.49,0.0,5.47,54.18,20.21,12.52,912.23,0.0,15,99.0,6.0
Stir-fry green curry beef with asparagus & sugar snaps,10,10,25,Indian,beef,steak,0,1,0,0,0,0,344.75,18.32,7.8,13.19,9.72,3.74,76.25,405.46,30.8,10.38,0.99,35.41,331.6,1.28,751.09,0.33,55.7,0.29,2.77,3.47,5.84,0.23,0.3,4.46,1.5,67.26,93.76,80.49,33.2,1613.49,0.0,20,98.0,25.0
Jamaican Curry Chicken,15,30,61,Indian,chicken,chicken breast,1,0,0,0,0,0,399.03,8.82,1.77,46.24,37.45,6.38,72.57,301.42,36.02,18.34,1.64,38.54,492.7,2.59,1748.84,0.71,104.15,0.35,1.71,8.8,2.2,0.36,0.47,4.06,0.46,29.78,83.68,95.23,79.83,5465.26,0.0,45,94.0,61.0
Thai prawn & squash curry,20,40,27,Indian,seafood,shrimp,0,0,0,0,1,0,403.76,25.43,21.9,33.76,27.03,12.24,96.6,449.86,17.49,3.37,0.37,7.88,309.81,1.04,1166.89,1.54,138.93,0.08,2.88,6.74,1.95,0.24,0.7,4.07,0.0,13.81,165.48,86.98,47.65,21133.06,0.0,60,91.0,27.0
Creamy shrimp curry,10,20,29,Indian,seafood,shrimp,0,0,0,0,1,0,824.84,38.36,23.35,73.01,68.99,8.13,386.32,1141.45,47.83,34.38,0.2,30.71,559.48,1.02,765.91,0.81,94.8,0.7,1.13,4.02,3.53,0.88,0.84,5.11,0.26,4.0,244.74,495.32,54.4,1751.61,1.46,30,96.0,28.999999999999996
Thai Green Curry with Chicken,10,20,20,Indian,chicken,chicken breast,1,0,0,0,0,0,596.62,36.53,22.7,55.3,48.4,9.45,18.08,847.45,16.55,6.89,0.67,24.06,296.03,1.45,818.76,1.85,107.19,0.17,2.37,6.9,2.01,0.21,0.53,3.37,0.1,21.97,80.7,79.64,102.41,3432.68,0.0,30,96.0,20.0
Thai pork & peanut curry,10,30,17,Indian,pork,pork tenderloin,0,0,0,1,0,0,389.48,19.18,9.0,26.86,24.16,8.01,65.0,445.84,27.17,9.8,0.93,32.71,349.86,1.46,635.56,0.47,73.39,0.41,1.78,2.7,2.71,1.06,0.21,2.2,0.52,16.09,50.0,30.53,8.46,2557.76,0.3,40,94.0,17.0
Beef curry,20,150,16,Indian,beef,steak,0,1,0,0,0,0,519.64,30.88,10.83,30.78,26.51,8.53,86.36,588.7,31.86,8.17,0.77,32.8,259.13,0.34,888.6,0.75,65.11,0.44,2.66,4.27,7.09,0.24,0.36,4.44,2.08,14.62,96.25,26.34,13.89,380.7,0.0,170,73.0,16.0
Coconut fish curry,15,15,18,Indian,seafood,belacan,0,0,0,0,1,0,430.71,24.56,21.23,22.1,18.08,8.42,102.8,213.29,35.06,1.19,0.2,37.13,415.15,0.38,993.01,1.34,73.78,0.04,0.63,4.02,1.76,0.07,0.57,4.3,0.0,6.9,136.84,31.02,28.33,146.53,0.0,30,96.0,18.0
Butternut Squash Curry (Paleo + Whole30),25,20,22,Indian,chicken,chicken breast,1,0,0,0,0,0,266.46,11.74,7.94,14.89,11.35,4.71,72.57,666.69,26.86,13.1,1.07,37.34,309.45,2.01,801.48,0.52,75.89,0.18,1.59,3.53,1.13,0.17,0.18,2.97,0.23,18.7,81.24,44.32,43.39,6154.28,0.0,45,94.0,22.0
The ultimate makeover: Thai green chicken curry,35,20,31,Indian,chicken,chicken breast,1,0,0,0,0,0,620.47,28.13,19.16,66.71,62.22,5.12,54.24,478.47,27.61,11.5,0.95,39.07,404.75,2.3,1023.7,2.04,141.3,0.25,2.45,4.48,2.22,0.26,0.54,7.47,0.18,100.32,139.98,65.79,56.45,855.3,0.0,55,92.0,31.0
Coconut Turkey Curry In a Hurry,10,20,18,Indian,other,ground turkey,0,0,0,0,0,1,387.68,25.51,16.88,18.37,16.05,2.76,49.9,1210.64,25.69,10.22,1.05,22.53,340.29,1.22,740.6,1.09,93.64,0.19,2.1,2.32,2.55,0.13,0.33,4.93,0.46,65.95,57.99,67.44,42.72,2082.66,0.36,30,96.0,18.0
15-minute prawn curry,5,10,15,Indian,seafood,shrimp,0,0,0,0,1,0,321.62,24.88,20.94,10.85,7.79,6.3,126.0,954.85,16.97,2.84,0.27,36.34,356.08,0.53,541.12,1.17,86.82,0.07,2.04,3.06,1.78,0.07,0.48,2.76,1.13,127.39,109.2,87.39,13.2,3844.75,0.0,15,99.0,15.0
Coconut Curry Chicken + Weekly Menu,10,20,23,Indian,chicken,chicken breast,1,0,0,0,0,0,448.14,30.25,23.55,15.16,10.89,8.97,87.09,596.94,32.19,15.48,1.26,49.83,400.08,2.3,917.86,0.98,85.69,0.19,1.36,4.27,1.63,0.15,0.31,2.84,0.28,6.14,58.22,48.76,69.4,3012.94,0.0,30,96.0,23.0
Thai red salmon curry,20,25,95,Indian,seafood,salmon,0,0,0,0,1,0,611.71,39.44,21.43,27.41,20.86,11.63,93.5,445.51,40.43,15.07,1.75,64.01,532.3,4.04,1537.35,1.23,136.89,0.78,1.57,6.55,2.27,0.63,0.84,7.68,5.41,28.97,154.94,123.74,94.37,3708.79,0.0,45,94.0,95.0
Lentil Curry,15,25,27,Indian,chicken,chicken breast,1,0,0,0,0,0,430.37,23.91,16.16,33.94,19.11,5.1,24.19,613.92,23.75,8.08,0.62,20.39,391.3,1.64,944.92,1.43,98.03,0.18,0.87,14.84,2.86,0.41,0.52,4.97,0.19,6.53,60.81,207.38,7.32,3561.24,0.0,40,94.0,27.0
Instant Pot Coconut Curry Chicken,20,15,12,Indian,chicken,chicken breast,1,0,0,0,0,0,357.49,22.48,17.44,14.54,11.02,6.98,72.87,682.81,27.65,13.31,1.03,37.41,336.53,2.0,877.79,0.94,65.55,0.18,1.77,3.52,1.47,0.15,0.38,3.23,0.23,6.27,49.21,31.3,10.97,290.75,0.0,35,95.0,12.0
Chicken Massaman Curry,20,75,57,Thai,chicken,whole chicken,1,0,0,0,0,0,786.67,29.16,10.03,99.38,86.0,9.19,81.65,1617.21,34.5,13.7,2.1,21.66,548.3,2.76,2623.21,1.3,212.96,0.34,1.13,13.38,3.77,0.56,0.9,6.91,0.42,21.55,135.14,112.2,106.06,9321.63,0.22,95,86.0,56.99999999999999
Massaman Curry Paste,10,20,17,Thai,seafood,belacan,0,0,0,0,1,0,24.61,0.33,0.05,4.73,3.77,1.76,10.69,36.86,1.57,0.4,0.18,0.0,20.54,0.0,127.06,0.31,11.12,0.03,0.22,0.96,0.18,0.03,0.06,0.76,0.0,4.28,19.33,8.21,41.93,274.35,0.0,30,96.0,17.0
Curry Chicken Salad,15,10,7,Indian,chicken,chicken breast,1,0,0,0,0,0,140.26,4.67,0.9,12.28,11.01,8.08,32.38,273.46,13.32,5.49,0.47,18.49,175.36,0.88,400.97,0.26,43.02,0.14,0.46,1.27,0.86,0.1,0.24,1.13,0.15,22.93,34.03,16.98,5.23,177.0,0.0,25,97.0,7.000000000000001
Instant Pot Chicken Coconut Curry,15,15,9,Indian,chicken,chicken breast,1,0,0,0,0,0,321.87,21.72,15.66,15.29,11.48,5.09,48.38,165.81,19.32,8.95,0.73,30.86,266.14,1.35,672.01,0.98,63.07,0.12,1.76,3.8,1.25,0.1,0.3,2.7,0.15,6.14,46.48,26.88,8.17,547.43,0.0,30,96.0,9.0
Curry Braised Chicken Legs,10,45,9,Indian,chicken,chicken leg,1,0,0,0,0,0,495.0,40.82,22.18,10.08,6.94,4.95,131.4,608.82,24.3,7.33,0.55,28.44,300.94,1.51,678.05,1.0,64.9,0.26,1.22,3.14,2.66,0.17,0.33,3.08,0.75,10.13,49.75,30.24,12.97,966.98,0.2,55,92.0,9.0
Home-style pork curry with cauliflower rice,15,60,58,Indian,pork,pork tenderloin,0,0,0,1,0,0,293.08,7.58,1.37,29.71,18.59,12.23,69.06,409.68,30.12,10.0,1.44,35.74,432.99,2.57,1544.46,0.92,105.67,0.57,3.26,11.12,3.33,1.32,0.49,5.02,0.54,40.64,112.79,156.29,84.48,344.76,0.21,75,89.0,57.99999999999999
Thai Beef and Potato Curry,5,35,12,Indian,beef,beef chuck roast,0,1,0,0,0,0,491.54,37.28,26.54,22.52,20.56,7.28,58.68,497.14,21.68,5.95,0.61,18.74,321.68,0.97,847.84,1.07,98.6,0.16,0.17,1.96,7.3,0.17,0.4,6.37,2.35,2.44,68.5,42.81,6.61,1567.29,0.0,40,94.0,12.0
Peanut Butter Pumpkin Curry,5,25,29,Indian,chicken,chicken breast,1,0,0,0,0,0,462.67,30.18,16.57,27.47,18.7,8.55,48.21,359.9,25.24,10.59,1.19,30.83,365.22,1.98,895.5,1.6,107.07,0.19,2.61,8.77,1.95,0.16,0.46,3.85,0.15,13.63,81.62,72.33,58.96,13087.68,0.0,30,96.0,28.999999999999996
One-pan prawn & tomato curry,10,20,20,Indian,seafood,shrimp,0,0,0,0,1,0,260.67,8.55,0.92,24.19,20.66,7.22,161.0,257.22,23.9,1.67,0.3,4.29,288.99,0.48,706.88,0.55,72.48,0.09,4.25,3.54,1.97,0.12,0.65,2.9,0.0,10.21,130.45,24.39,22.81,290.7,0.0,30,96.0,20.0
AIP Salmon Curry (Nightshade-Free),20,30,100,Indian,seafood,salmon fillets,0,0,0,0,1,0,493.27,32.98,21.77,24.74,17.81,5.78,62.37,601.95,31.11,11.48,1.48,47.43,499.68,3.16,1596.14,1.57,147.25,0.72,1.57,6.94,2.62,0.48,0.86,6.92,3.61,165.33,184.84,167.07,153.4,7161.96,0.0,50,93.0,100.0
Home-style lamb curry,15,110,26,Indian,lamb,leg of lamb,0,0,1,0,0,0,288.17,13.19,2.54,16.81,12.44,7.45,75.63,211.51,27.37,8.94,0.53,29.61,297.96,1.24,824.79,0.62,71.38,0.39,2.88,4.37,5.11,0.29,0.41,4.73,3.19,15.91,90.58,54.41,32.36,347.61,0.0,125,81.0,26.0
"Thai prawn, potato & vegetable curry",15,30,37,Indian,seafood,shrimp,0,0,0,0,1,0,183.39,3.51,0.78,19.11,14.98,4.78,121.89,513.8,19.81,2.31,0.37,2.14,250.49,0.31,712.2,0.43,73.57,0.14,1.06,4.12,1.76,0.16,0.46,2.19,0.0,78.94,94.53,72.55,67.07,3541.94,0.0,45,94.0,37.0
Fruity Caribbean curry,10,50,22,Caribbean,chicken,chicken drumsticks,1,0,0,0,0,0,498.23,28.59,21.87,50.5,39.15,19.79,27.14,485.87,15.91,3.67,0.61,16.35,322.63,0.92,1018.28,2.21,113.97,0.2,2.46,11.35,2.52,0.3,0.63,5.31,0.16,18.41,108.62,87.68,72.95,304.94,0.0,60,91.0,22.0
30 Minute Chicken Curry,10,20,21,Indian,chicken,chicken breast,1,0,0,0,0,0,287.66,11.43,1.62,19.58,15.63,6.52,74.57,322.53,27.71,13.24,1.1,39.55,316.57,2.07,840.67,0.69,67.32,0.21,3.05,3.95,1.36,0.18,0.27,2.84,0.28,12.12,93.38,27.6,13.57,413.75,0.0,30,96.0,21.0
Next level chicken katsu curry,20,45,39,Indian,chicken,chicken breast,1,0,0,0,0,0,668.28,24.55,10.64,70.86,64.15,18.15,193.54,1376.56,41.51,16.91,1.32,65.16,549.36,2.99,1067.39,1.02,97.43,0.74,3.05,6.7,2.67,0.8,0.3,5.64,1.14,65.85,290.95,150.07,46.35,3860.52,1.69,65,90.0,39.0
Mapo Curry Tofu (麻婆カレー豆腐️),10,7,5,Indian,beef,ground chuck,0,0,0,0,0,1,229.45,13.83,3.67,13.14,11.17,3.82,25.16,661.47,13.08,2.33,0.24,6.72,163.75,0.27,453.21,0.39,59.32,0.15,0.98,1.97,2.33,0.15,0.33,2.9,0.79,24.58,78.65,20.35,2.94,128.19,0.0,17,98.0,5.0
Aromatic prawn & cashew curry,30,70,20,Indian,seafood,shrimp,0,0,0,0,1,0,517.88,31.0,9.28,31.11,26.19,12.39,190.93,523.6,33.91,3.36,0.46,12.25,555.45,0.85,1054.9,0.95,180.22,0.26,3.29,4.92,4.28,0.31,1.49,4.8,0.17,22.77,186.28,36.99,17.04,545.49,0.24,100,85.0,20.0
Thai Coconut Curry With Shrimp,15,15,17,Indian,seafood,shrimp,0,0,0,0,1,0,309.95,17.49,11.9,14.45,12.42,7.16,182.57,1741.45,27.71,2.45,0.29,2.98,348.92,0.37,690.51,1.08,122.9,0.07,1.31,2.03,2.29,0.06,0.66,3.51,0.09,12.77,124.8,48.6,73.45,2286.06,0.0,30,96.0,17.0
30-Minute Thai Red Curry with Fish,10,20,62,Indian,seafood,cod fillets,0,0,0,0,1,0,404.17,25.08,20.76,21.56,14.96,7.58,49.94,1128.28,29.51,5.01,0.85,42.82,481.55,1.45,1515.24,1.43,149.12,0.4,2.59,6.61,2.39,0.29,0.47,5.83,1.09,161.38,149.52,146.11,149.62,8295.36,1.02,30,96.0,62.0
Clean Eating Curry Chicken,15,600,11,Indian,chicken,chicken breast,1,0,0,0,0,0,181.33,3.43,0.75,11.65,10.49,1.66,73.25,168.38,25.47,12.42,0.96,37.65,264.82,1.68,587.24,0.23,38.13,0.16,0.39,1.16,0.82,0.11,0.1,1.13,0.23,0.0,23.86,9.19,6.02,227.81,0.0,615,1.0,11.0
Lamb vindaloo,30,60,22,Indian,lamb,lamb,0,0,1,0,0,0,708.9,58.41,14.94,23.25,19.35,5.03,91.25,327.54,24.01,8.64,0.54,25.6,281.46,1.11,840.77,0.81,77.49,0.36,5.39,3.89,4.91,0.27,0.31,4.63,2.89,61.62,99.24,55.7,46.5,377.92,0.0,90,86.0,22.0
Vegetable Shrimp Curry with Herbed Cauliflower Rice,10,20,20,Indian,seafood,fish,0,0,0,0,1,0,176.02,11.46,7.64,15.59,11.99,5.95,5.14,809.79,5.99,2.14,0.3,5.37,113.59,0.48,533.46,0.8,55.61,0.11,1.63,3.6,0.81,0.14,0.28,3.25,0.15,64.46,63.92,64.24,47.52,1946.42,0.29,30,96.0,20.0
Thai Chicken Coconut Curry,15,15,32,Indian,chicken,chicken breast,1,0,0,0,0,0,504.31,33.36,20.61,13.0,10.28,6.2,108.86,622.64,40.5,19.25,1.64,55.64,507.61,2.93,1230.09,1.07,121.34,0.3,1.94,2.72,2.01,0.21,0.34,4.86,0.36,10.41,78.88,65.44,64.02,3544.24,0.17,30,96.0,32.0
Masala meatball curry,20,35,27,Indian,lamb,ground lamb,0,0,1,0,0,0,389.12,25.43,10.78,17.13,13.54,7.35,113.92,398.28,23.36,7.87,0.47,24.93,248.28,1.22,775.41,0.56,70.67,0.4,2.17,3.59,4.12,0.27,0.37,4.26,2.41,131.45,112.87,101.65,36.03,3327.94,0.32,55,92.0,27.0
Nightshade-Free AIP Green Curry with Salmon,15,20,63,Indian,seafood,salmon,0,0,0,0,1,0,502.72,42.28,33.11,12.65,10.73,3.21,49.9,93.64,23.77,8.82,0.94,33.28,377.46,1.94,1066.11,1.57,122.93,0.43,0.34,1.92,1.82,0.29,0.69,7.27,2.88,44.89,99.57,70.86,44.99,6035.42,0.0,35,95.0,63.0
Fried fish & tomato curry,10,25,54,Indian,seafood,cod fillets,0,0,0,0,1,0,388.23,12.62,9.51,41.74,34.52,14.21,53.75,96.38,29.42,6.02,0.74,50.24,429.94,0.85,1619.05,1.15,108.14,0.23,2.89,7.22,1.81,0.37,0.44,3.24,1.14,32.34,102.78,102.91,58.6,4922.85,1.13,35,95.0,54.0
Lamb Curry,60,120,58,Indian,lamb,lamb stew meat,0,0,1,0,0,0,672.6,15.07,6.43,93.25,85.8,13.73,112.88,976.14,40.74,12.48,0.9,46.77,492.84,2.2,1334.41,1.32,109.76,0.54,1.03,7.45,7.74,0.41,0.59,6.26,4.13,10.37,107.1,81.59,32.77,73.67,0.0,180,72.0,57.99999999999999
Thai green chicken curry,25,30,16,Indian,chicken,chicken thighs,1,0,0,0,0,0,272.57,9.19,2.51,5.83,5.36,3.01,190.0,537.96,39.1,11.34,0.91,45.65,380.09,2.41,537.77,0.27,57.77,0.36,0.38,0.46,3.15,0.18,0.13,2.32,1.3,14.1,41.81,15.06,1.43,1926.18,0.0,55,92.0,16.0
Turkey curry,5,15,19,Indian,other,whole turkey,0,0,0,0,0,1,279.49,8.13,1.57,37.15,31.89,12.98,38.96,255.58,16.26,6.3,0.82,12.84,194.42,1.02,859.72,0.43,59.8,0.21,2.88,5.26,1.57,0.2,0.36,2.9,0.65,12.69,83.71,40.66,54.06,1553.15,0.16,20,98.0,19.0
Pork & chickpea curry,20,135,42,Indian,pork,pork shoulder,0,0,0,1,0,0,245.35,9.45,3.1,13.94,10.93,6.94,78.34,245.9,25.79,6.87,0.75,35.88,293.55,1.25,771.02,0.39,51.68,0.48,1.28,3.02,4.05,1.11,0.29,3.14,0.96,6.16,66.71,37.41,47.29,1160.43,0.0,155,76.0,42.0
15-Minute Thai Curry For One,5,10,29,Thai,chicken,whole chicken,1,0,0,0,0,0,810.3,56.96,42.93,61.62,51.14,1.34,40.82,146.72,22.69,8.73,0.61,8.64,436.57,1.54,956.0,3.06,183.47,0.25,0.24,10.49,3.23,0.43,0.65,8.45,0.17,25.74,121.38,90.02,24.82,11800.3,0.0,15,99.0,28.999999999999996
Chicken Peanut Curry,15,45,53,Indian,chicken,chicken pieces,1,0,0,0,0,0,637.2,34.82,6.5,24.03,19.9,4.48,161.89,1467.45,58.65,24.02,1.22,43.41,541.17,2.84,888.8,0.97,129.58,0.58,5.9,4.13,4.75,0.38,0.36,5.06,0.87,49.47,97.26,86.8,13.64,450.96,0.23,60,91.0,53.0
Keralan hake curry,10,55,14,Indian,seafood,hake,0,0,0,0,1,0,333.16,28.5,21.88,19.36,15.05,6.11,0.62,78.59,5.22,1.71,0.22,9.3,153.23,0.39,581.99,1.14,61.11,0.05,1.02,4.32,1.01,0.09,0.41,3.15,0.0,5.09,49.01,46.75,127.05,380.1,0.0,65,90.0,14.000000000000002
Easy Thai Red Curry with Chicken - Simple & Authentic,15,20,28,Indian,chicken,chicken breast,1,0,0,0,0,0,458.25,24.45,19.51,27.89,23.34,6.42,72.57,920.5,27.94,13.0,1.17,39.04,342.32,1.98,882.3,1.08,88.22,0.26,1.71,4.55,1.48,0.2,0.19,2.64,0.23,121.05,84.6,98.09,53.94,10332.9,0.0,35,95.0,28.000000000000004
Green Curry with Fish,10,20,75,Indian,seafood,cod fillets,0,0,0,0,1,0,440.01,25.28,20.86,20.23,13.95,6.46,73.14,565.3,38.74,5.91,0.89,60.96,589.54,1.54,1690.94,1.39,167.27,0.4,2.58,6.28,2.3,0.33,0.43,6.27,1.57,181.55,160.05,156.0,156.97,2688.92,1.53,30,96.0,75.0
