,title,preparation_min,cooking_min,health_score,area,general_protein,protein,chicken?,beef?,lamb?,pork?,seafood?,other?,calories(kcal),fat(g),saturated_fat(g),carbohydrates(g),net_carbohydrate(g),sugar(g),cholesterol(mg),sodium(mg),protein(g),vitamin_B3(mg),vitamin_B6(mg),selenium(µg),phosphorus(mg),vitamin_B5(mg),potassium(mg),manganese(mg),magnesium(mg),vitamin_B2(mg),vitamin_E(mg),fiber(g),zinc(mg),vitamin_B1(mg),copper(mg),iron(mg),vitamin_B12(µg),vitamin_K(µg),calcium(mg),folate(µg),vitamin_C(mg),vitamin_A(IU),vitamin_D(µg)
0,Goan prawn & coconut curry with cumin rice,15,15,66,Indian,seafood,shrimp,0,0,0,0,1,0,816.34,20.41,12.38,121.94,113.54,7,161,313.21,33.01,61.88,1.02,15.55,491.43,1.67,1609.84,1.75,140.19,0.2,4.16,8.41,3.35,0.31,0.95,5.16,0,82.59,194.9,678.57,194,2360.8,0
1,Slow Cooker Red Lentil & Chickpea Curry,15,480,44,Indian,,,0,0,0,0,0,0,338.97,6.5,4.68,54.73,37.54,5.58,0,963.58,15.37,2.34,0.86,5.34,291.02,1.22,883.4,1.35,91.78,0.15,0.44,17.19,2.68,0.46,0.43,4.66,0,10.34,77.06,210.57,30.45,405.83,0
2,One Pot Curry Chicken and Rice,10,20,18,Indian,chicken,chicken breast,1,0,0,0,0,0,518.82,20.72,12.04,40.45,39.35,1.1,111.21,1228.02,41.49,19.15,1.38,62.15,474.58,2.99,851.4,1.08,87.38,0.27,1.36,1.1,1.96,0.18,0.31,3.4,0.36,4.46,45.65,20.74,2.78,69.86,0.17
3,Penang prawn & pineapple curry,25,40,22,Indian,seafood,shrimp,0,0,0,0,1,0,378.77,27.65,14.1,29.22,24.61,17.26,48.3,51.62,9.13,11.24,0.26,2.25,162.08,0.44,499.21,2.14,66.53,0.06,5.55,4.62,1.18,0.16,0.45,3.37,0,3.38,79.42,142.43,75.26,115.01,0
4,Creamy chicken & mango curry,10,60,25,Indian,chicken,chicken thighs,1,0,0,0,0,0,494.68,21.35,8.16,24.8,21.93,14.07,217.74,407.81,47.78,14.92,1.24,54.1,481.74,2.93,931.7,0.25,77.79,0.53,3.07,2.87,3.83,0.29,0.32,3.45,1.45,10.21,71.01,53.25,30.49,3175.6,0
5,Homemade Thai Yellow Curry Paste,-1,-1,7,Indian,,,0,0,0,0,0,0,90.2,0.68,0.11,19.76,17.04,6.16,0,1175.48,2.64,0.43,0.41,4.3,68.38,0.24,281.97,0.85,23.79,0.05,0.55,2.73,0.63,0.08,0.14,2.15,0,5.85,78.94,16.31,19.19,118.19,0
6,Quick Curry Powder from Scratch,5,0,47,Indian,,,0,0,0,0,0,0,66.59,2.97,0.34,12.22,5.77,0.31,0,26.92,2.5,0.74,0.12,3.3,71.92,0,337.35,1.42,57.31,0.06,0.64,6.45,0.91,0.05,0.19,5.78,0,5.52,121.52,0,3.4,348.26,0
7,One Pan Chicken Meatballs in Pumpkin Curry Sauce,15,30,23,Indian,chicken,ground chicken,1,0,0,0,0,0,596.37,27.82,12.02,58.1,51.88,8.06,145.11,774,28.05,9.28,0.94,19.05,376.77,2.07,1053.02,1.25,91.75,0.46,2.74,6.22,2.99,0.3,0.3,3.7,0.73,39.04,69.41,61.42,51.47,11474.09,0.22
8,Curry Pizza with Veggies,10,8,12,Indian,,,0,0,0,0,0,0,755.92,22.02,11.98,107.54,101.53,8.34,44.24,1708.57,32.84,1.02,0.23,10.98,255.88,0.61,444.94,0.26,35.46,0.25,1.41,6.01,2.04,0.08,0.12,6.87,1.28,31.24,501.53,47.16,39.7,796.17,0.22
9,Overnight Curried Chicken with Brown Rice,30,85,18,,chicken,chicken thighs,1,0,0,0,0,0,333.61,10.74,2.94,31.63,29.62,1.65,107.73,282.18,26.46,9.07,0.77,25.84,339.08,1.97,504.9,1.44,82.19,0.26,0.96,2.01,2.61,0.27,0.22,2.03,0.8,12.54,38.72,23.54,21.23,1115.11,0
10,Lentil Curry,20,60,28,Indian,,,0,0,0,0,0,0,435.47,25.23,17.23,43.56,26.49,10.52,0,734.46,14.37,2.89,0.5,9.98,311.41,1.31,976.14,1.78,108.86,0.16,2.43,17.08,2.86,0.46,0.63,6.52,0,12.33,103.14,218.01,17.05,790.87,0
11,Curried kale & chickpea soup,10,25,82,,,,0,0,0,0,0,0,445.18,13.18,6.89,71.48,51.86,10.17,0,1710.41,16.08,2.31,1.5,7.41,313.68,1.64,1205.17,2.98,140.61,0.42,2.37,19.62,2.57,0.3,0.63,8.39,0,320.83,383.66,134.54,93.41,22843.56,0
12,Curry Chicken Salad,15,0,32,Indian,chicken,chicken breast,1,0,0,0,0,0,461.9,25.72,3.4,18.57,16.53,12.28,96.39,352.26,38.13,15.96,0.82,32.31,331.45,1.24,519.72,0.62,64.69,0.19,0.57,2.05,1.7,0.14,0.35,2.09,0.39,23.45,52.29,30.82,2.69,184.47,0
13,Thai Green Curry with Chicken,5,30,22,Indian,chicken,chicken thighs,1,0,0,0,0,0,422.28,29.38,22.22,19.2,14.56,6.07,107.73,535.07,26.79,8.24,0.91,27.14,373.25,1.93,911.8,1.18,112.36,0.33,1.28,4.63,2.81,0.24,0.43,6.46,0.73,48.22,95.99,67.81,91.53,1876.64,0
14,Summer Veggie Curry,5,15,20,Indian,,,0,0,0,0,0,0,428.01,28.83,24.26,40.55,34.11,10.7,0,289.07,7.47,3.07,0.55,6.9,251.59,0.92,823.06,2.35,113.93,0.22,0.47,6.44,1.86,0.22,0.46,3.16,0,6.46,72.22,67.86,35.7,1582.86,0
15,Thai Panang Curry w/ Tender Beef Short Ribs,10,0,10,Indian,seafood,belacan,0,0,0,0,1,0,471.82,38.25,21.38,11.66,9.89,4.12,87.6,622.36,22.72,5.92,0.52,17.74,271.82,0.81,582.33,0.79,68.92,0.2,1.11,1.78,5.26,0.1,0.31,5.49,2.36,10.98,78.98,33.7,19.58,629.48,0
16,Jerk sweet potato & black bean curry,50,45,25,Indian,,,0,0,0,0,0,0,170.18,3.71,0.41,32.84,27.16,10.76,0,901.56,3.34,1.65,0.44,1.64,85.57,0.99,629.33,0.5,47.34,0.13,2.84,5.68,0.66,0.14,0.33,2.1,0,8.06,78.73,29.46,29.82,15234.4,0
17,Curried Chickpeas and Vegetables,-1,-1,74,,chicken,whole chicken,1,0,0,0,0,0,504.33,11.63,1.24,88.76,69.24,10.85,1.13,206.37,18.23,5.62,1.13,8.5,387.08,1.33,1792.44,3.17,162.66,0.28,3.96,19.52,3.09,0.48,0.93,9.31,0,23.08,185.79,227.8,64.1,4906.14,0
18,Creamy Curry Chicken With Yellow Rice,-1,-1,8,Indian,,,0,0,0,0,0,0,347.6,30.21,19.2,20.52,17.41,9.7,0,189.85,4.37,1.77,0.25,1.39,144.07,0.45,578.86,1.09,72.9,0.07,2.43,3.11,0.97,0.12,0.41,5.45,0,11.1,78.68,34.47,14.44,205.53,0
19,Cozy Cauliflower Curry,20,25,10,Indian,,,0,0,0,0,0,0,197.18,15.08,11.62,15.68,10.91,7.35,0,596.45,4.12,1.53,0.29,4.76,115.55,0.76,572.76,0.94,47.95,0.08,1.4,4.76,0.82,0.11,0.29,2.46,0,18.24,60.37,62.59,43.41,418.98,0
20,Creamy Coconut Curry with Shrimp and Corn,10,15,8,Indian,seafood,shrimp,0,0,0,0,1,0,308.25,22.02,18.63,11.04,10.07,2.81,146.53,446.41,21.56,1.36,0.09,0,315.8,0.44,565.65,0.8,87.58,0.04,0.2,0.97,1.93,0.09,0.58,3.67,0,5.65,80.72,31.13,9.95,212.36,0
21,Lamb masala meatball curry,20,30,20,Indian,lamb,ground lamb,0,0,1,0,0,0,503.6,38.12,19.57,21.43,14.74,7.98,74.27,331,20.98,7.46,0.4,22.71,244.82,1.11,703.77,0.83,66.7,0.3,2.05,6.69,4.17,0.22,0.45,4.02,2.33,12.97,94.21,38.77,15.92,229.91,0
22,Pork vindaloo,15,55,42,Indian,pork,pork shoulder,0,0,0,1,0,0,367.45,13.28,4.25,25.63,21.59,5.86,104.7,302.28,34.61,8.14,0.89,49.44,384,1.49,863.54,1.29,64.33,0.6,0.9,4.03,5.56,1.43,0.3,3.84,1.28,7.76,88.76,27.82,9.57,947.58,0
23,"Vietnamese Chickpea, Sweet Potato, and Lemongrass Curry",-1,-1,30,Vietnamese,,,0,0,0,0,0,0,401.15,20.63,16.11,48.2,38.03,8.76,0,100.81,10.67,1.54,0.38,4.12,262.76,1.12,808.94,2.01,104.14,0.13,1.01,10.17,2.15,0.2,0.62,6.2,0,7.5,99.08,171.57,5.83,13452.07,0
24,Instant Pot Coconut Curry Chicken,10,20,18,Indian,chicken,chicken thighs,1,0,0,0,0,0,485.33,31.49,20.57,16.4,14.54,1.64,161.59,753.47,36.29,10.56,0.95,40.95,443.14,2.38,768.76,1.17,102.34,0.35,1.65,1.87,3.48,0.21,0.38,6.22,1.09,27.05,76.72,38.34,27.09,718.76,0
25,Salmon Coconut Curry with Spinach and Chickpeas,5,20,100,Indian,seafood,salmon fillets,0,0,0,0,1,0,462.61,21.8,8.83,23.13,16.84,1.56,93.55,774.53,40.68,13.98,2.08,65.18,459.37,3.23,1275.68,1.35,113.81,0.75,1.26,6.29,2.13,0.47,0.67,4.08,5.41,175,106.99,145.2,28.4,3522.64,0
26,Massaman Beef Curry,-1,-1,52,Indian,beef,steak,0,1,0,0,0,0,797.48,59.32,30.84,33.03,26.28,7.38,91.5,819.16,40.34,12.12,1.05,39.4,449.57,0.8,1241.65,2.59,160.92,0.43,2.33,6.75,9.23,0.38,0.64,8.49,2.53,8.32,124.77,88.92,20.02,2421.29,0
27,One-Pot Curry Tomato Chicken & Potatoes,0,0,33,Indian,chicken,chicken thighs,1,0,0,0,0,0,372.32,11.37,2.6,20.2,16.05,6.63,214.7,984.17,47.44,15.03,1.33,54.33,516.2,3.29,1207.02,0.5,96.89,0.51,2.13,4.15,4.11,0.35,0.44,4.83,1.59,77.25,96.67,44.24,21.78,620.78,0
28,French bean & duck Thai curry,20,105,60,Thai,other,duck breast,0,0,0,0,0,1,656.38,33.7,24.31,41.56,38.23,9.1,130.51,836.13,48.81,7.67,1.15,41.13,540.15,1.6,1358.69,0.98,207.5,0.58,0.29,3.33,1.93,0.97,1.26,14.87,22.08,5.03,164.59,36.03,37.29,3816.85,0
29,Homemade Curry Powder,5,0,65,Indian,,,0,0,0,0,0,0,120.51,4.39,0.59,21.09,12.13,0.33,0,27.05,5.91,1.05,0.17,4.14,118.59,0,461.53,3.02,93.84,0.11,0.38,8.96,1.46,0.12,0.34,12.13,0,4.67,169.85,9.51,3.75,120.72,0
30,How to Make Pakistani Beef Kofta Curry,20,30,10,Indian,beef,ground chuck,0,0,0,0,0,1,398.68,31.01,8.24,12.24,9.68,6.25,64.47,275.61,17.74,4.12,0.46,14.12,234.33,0.72,536.05,0.23,40.34,0.22,2.93,2.56,4.05,0.11,0.17,2.48,1.93,18.39,146.38,42.17,32.25,572.01,0
31,Easy Vegetable Curry with Tofu,10,10,55,Indian,,,0,0,0,0,0,0,397.44,24.42,19.35,36.32,28.5,12.62,0,696.46,15.83,3.63,0.64,3.58,351.17,1.23,1206.07,1.74,142.54,0.29,3.09,7.82,2.28,0.31,0.6,7.2,0,179.67,159.04,151.52,169.33,14700.56,0
32,Cashew curry,20,60,44,Indian,chicken,chicken breast,1,0,0,0,0,0,626.3,31.54,12.24,36.79,30.69,14.52,112.22,769.26,52.8,21.42,1.77,67.46,721.44,3.21,1597.65,1.01,189.62,0.57,2.37,6.11,3.92,0.45,1.17,5.51,0.69,23.88,152.39,69.4,37.49,1019.95,0.18
33,Comforting Beef Curry,-1,-1,29,Indian,beef,steak,0,1,0,0,0,0,476.31,20.79,8.46,43.5,39.27,12.83,77.05,453.57,30.31,8.31,0.8,33.34,245.86,0.53,803.31,0.41,57.71,0.42,2.36,4.23,6.97,0.25,0.34,4.16,2.08,9.46,74.95,40.83,51.12,2142.24,0
34,Butternut squash curry with crispy chickpeas,20,60,38,Indian,,,0,0,0,0,0,0,465.3,19.93,6.48,65.23,50.66,15.17,0,897.27,13.53,4.1,0.64,5.37,306.4,1.38,1444.79,1.96,153.17,0.14,6.11,14.57,2.29,0.4,0.66,5.86,0,22.36,187.91,257.52,65.58,25170.35,0
35,Curried Chicken Spread,-1,-1,0,,chicken,chicken breast,1,0,0,0,0,0,31.85,1.26,0.33,2.06,1.73,1.13,8.54,130.08,2.98,1.48,0.1,4.2,31.49,0.2,63.06,0.03,5.62,0,0,0.33,0,0,0,0,0,1.25,0,0,1.18,127.55,0
36,"Roast, curried celeriac chunks",-1,-1,4,,,,0,0,0,0,0,0,228.27,18.12,11.1,16.02,12.51,2.69,45.69,300.02,2.95,1.22,0.29,2.66,201.61,0.6,520.59,0.34,38.78,0.11,1.45,3.51,0.65,0.09,0.13,1.65,0,69.71,83.83,16.87,13.22,546.72,0
37,Bipins lamb methi curry,-1,-1,20,Indian,lamb,lamb,0,0,1,0,0,0,446.97,35.4,15.33,5.07,4.38,0.55,109.5,96.89,25.78,9.37,0.24,29.08,254.83,1.02,532.15,0.24,57.98,0.36,0.38,0.69,5.31,0.2,0.24,3.52,3.47,39.41,58.8,36.19,15.35,146.31,0
38,Katsu curry,-1,-1,14,Indian,,,0,0,0,0,0,0,487,26.37,21.63,59.41,53.01,10.7,0.7,46.03,8.85,1.3,0.21,7.15,146.07,0.47,554.33,1.29,56.89,0.1,0.47,6.4,1.03,0.1,0.36,2.51,0,18.84,66.25,40.95,11.48,6141.97,0
39,One-Skillet Chicken Green Curry with Rice,15,30,34,Indian,chicken,chicken thighs,1,0,0,0,0,0,589.71,34.8,20.62,49.77,43.34,7.05,89.84,564.54,24.24,7.13,0.82,26.01,390.58,2.44,1131.53,1.54,110.26,0.4,1.96,6.44,2.88,0.27,0.45,5.34,0.59,144.57,131.81,125.77,154.32,9948.14,0
40,30-Minute Thai Green Curry Tofu ,10,20,18,Indian,,,0,0,0,0,0,0,420.07,35.32,24.12,19,14.44,11.14,0,379.6,12.02,1.7,0.29,7.22,257.15,0.47,705.19,1.2,87.69,0.13,1.74,4.56,1.68,0.17,0.54,3.77,0,8.1,86.94,51.65,54.63,2804.11,0
41,Curried Chicken Salad with Apples,5,0,14,,chicken,chicken breast,1,0,0,0,0,0,142.77,2.8,0.93,9.68,8.02,7.08,50.03,358.55,19.54,7.92,0.4,16.94,184.87,0.77,302.96,0.1,28.41,0.15,0.59,1.67,0.93,0.07,0.06,1.13,0.36,3.9,76.45,11.5,4.08,85.07,0
42,Vegetable Curry,5,25,26,Indian,,,0,0,0,0,0,0,325.4,26.11,20.64,18.26,11.95,8.25,0,344.67,10.34,1.82,0.32,7.15,168.71,0.66,807.04,1.37,75.06,0.09,1.43,6.31,1.19,0.12,0.39,4.08,0,90.03,145.02,95.54,47.57,2293.72,0
43,Yellow Coconut Curry Chicken,15,25,17,Indian,chicken,chicken breast,1,0,0,0,0,0,358.24,19.96,13.54,26.04,22.9,5.55,48.38,245.2,22.22,11.11,0.95,25.32,322.64,1.49,989.27,0.84,82.17,0.17,1.46,3.14,1.36,0.16,0.35,4.49,0.27,10.32,64.36,35.15,9.08,5740.8,0
44,Beef and Tomato Curry Over Quinoa,-1,-1,32,Indian,beef,beef chuck roast,0,1,0,0,0,0,464.56,19.69,6.59,41.25,35.14,7.55,78.24,266.93,30.4,7.16,0.94,28.65,470.66,1.39,1078.18,1.24,138.94,0.38,3.59,6.11,10.33,0.34,0.57,6.51,3.1,12.22,97.46,108.88,21.31,373.41,0
45,Sweet and Spicy Curry Hummus,15,0,7,Middle Eastern,,,0,0,0,0,0,0,101.79,5.09,0.68,11.42,8.56,1.71,0,501.53,4.02,0.53,0.28,3.76,104.42,0.17,135.16,0.52,23.63,0.05,0,2.85,0.76,0.14,0.21,1.13,0,0,34.68,22.68,3.51,0,0
46,Sweet potato & pea curry,10,30,41,Indian,,,0,0,0,0,0,0,580.96,25.39,21.87,82.45,67.59,19.4,0,745.71,11.03,4.18,0.94,8.98,327.74,2.4,1656.73,1.91,138.58,0.24,0.81,14.86,2.28,0.42,0.82,5.01,0,20.65,133.36,93.33,52.3,34362.09,0
47,Cauliflower and Chickpea Curry with Spinach,10,25,21,Indian,,,0,0,0,0,0,0,332.38,16.22,13.71,35.44,28.93,1.99,0,657.42,7.49,0.88,0.68,2.79,142.04,0.59,372.5,1.61,68.14,0.08,0.47,6.51,1.19,0.12,0.25,2.42,0,109.31,82.34,80.64,10.99,3075.49,0
48,"Quick prawn, coconut & tomato curry",10,20,8,Indian,seafood,shrimp,0,0,0,0,1,0,275.88,18.9,16.05,9.38,6.9,2.97,140.88,344.96,20.08,0.56,0.08,0,261.29,0.2,459.86,0.76,48.93,0,0,2.48,1.74,0.03,0.56,2.06,0,0,87.16,17.4,6.64,1898.75,0
49,Slow cooker vegetable curry,-1,-1,65,Indian,,,0,0,0,0,0,0,476.71,14.72,12.21,73.39,58.77,17.38,0,407.94,13.61,6.28,0.81,5.36,259.6,1.28,1464.52,1.68,156.5,0.4,3.14,14.61,2.32,0.62,0.58,7.09,0,133.51,256.72,171.22,214.71,17348.95,0
50,30-Minute Chicken Green Curry,10,20,68,Indian,chicken,chicken breast,1,0,0,0,0,0,402.16,26.52,21.06,32.57,21.54,9.8,18.08,195.65,18.29,6.61,0.97,17.67,408.27,2.57,1587.27,1.65,141.36,0.46,3.5,11.03,2.45,0.33,0.53,6.87,0,337.88,224.24,239.78,316.25,13274.84,0
51,Simple Egg Curry,5,25,3,Indian,,,0,0,0,0,0,0,121.06,6.56,2,7.4,6.42,2.74,187.12,167.82,7.52,0.31,0.12,15.61,99.46,0.75,178.39,0.09,10.83,0.27,0.76,0.98,0.62,0.05,0.04,0.95,0.56,3.85,48.96,28.89,7.34,1822.09,1.1
52,Turkey Meatball Curry,15,30,14,Indian,other,ground turkey,0,0,0,0,0,1,497.76,34.7,23.06,19.86,16.6,8.31,103.29,673.12,31.1,12,1.12,35.09,394.28,1.44,709.88,1.13,77.95,0.26,0.62,3.26,2.96,0.13,0.36,3.23,0.68,13.38,54.75,43.8,25.41,1795.03,0.67
53,"Thai prawn, squash & pineapple curry",25,22,19,Indian,seafood,shrimp,0,0,0,0,1,0,390.97,24.28,19.81,27.42,21.68,15.49,122.27,663.7,20.98,2.74,0.31,8,304.7,0.52,871.3,1.09,107.49,0.09,1.56,5.74,2.18,0.18,0.73,3.5,0,5.52,151.13,44.79,25.9,11996.51,0
54,Vegan Chana Masala Curry,-1,-1,17,Indian,,,0,0,0,0,0,0,478.01,27.88,12.82,48.43,33.94,6.83,0,930.18,15.42,2.14,1.36,6.35,289.4,1.14,885.82,2.77,107.18,0.12,3.25,14.49,2.46,0.2,0.74,6.34,0,13.41,154.27,86.19,15.07,454.62,0
55,Creamy lentil & veggie curry,10,30,38,Indian,,,0,0,0,0,0,0,432.37,8.84,0.85,71.45,49.58,13.94,1.37,1133.79,19.31,2.99,0.72,7.58,362.58,2.3,1281.93,1.3,121.85,0.31,2.9,21.87,3.21,0.63,0.57,6.57,0.11,37.23,133.04,290.52,36.77,17444.08,0
56,Easy creamy vegetable curry,15,45,46,Indian,,,0,0,0,0,0,0,399.77,25.73,15.75,37.99,28.85,15.31,75.33,351.01,10.09,2.8,0.97,4.63,246.28,2.14,1569.97,1.2,116.2,0.54,2.52,9.14,1.76,0.28,0.38,3.31,0.11,192.49,175.34,210.87,169.16,16219.04,1.07
57,Slow cooker lamb curry,10,360,100,Indian,lamb,lamb,0,0,1,0,0,0,728.44,34.2,13.53,72.4,53.66,14.29,87.6,674.1,36.38,11.98,1.32,27.74,517.77,2.44,1480.84,3.18,177.97,0.57,3.15,18.74,6.93,0.61,0.86,9.41,2.77,162.7,312.57,175.72,61.84,7771.27,0
58,Crispy Air Fryer Curry Cauliflower,10,10,31,Indian,,,0,0,0,0,0,0,156.3,11.22,1.51,12.06,7.43,4.23,0,678.5,5.23,1.46,0.43,1.65,110.39,1.44,672.93,0.43,37.94,0.15,0.34,4.63,0.66,0.12,0.11,1.39,0,33.56,52.97,123,103.11,0,0
59,Minced Beef Curry,-1,-1,29,Indian,beef,ground chuck,0,0,0,0,0,1,513.84,31.6,11.72,25.67,17.47,9.01,106.5,293.68,32.49,8.81,0.82,26.34,377.47,0.96,984.53,1.28,85.29,0.39,1.9,8.2,7.82,0.33,0.37,7.22,3.21,30.9,116.57,72.48,43.26,1151.28,0
60,Indian Potato Curry,10,30,10,Indian,,,0,0,0,0,0,0,230.92,11.24,0.89,30.07,26.1,1.37,0,74.67,3.88,1.84,0.54,1.24,103.91,0.5,728.23,0.38,44.57,0.07,2.08,3.98,0.6,0.14,0.22,2.1,0,14.59,41.74,26.67,34.18,175.93,0
61,Thai Shrimp Curry,10,35,20,Indian,seafood,shrimp,0,0,0,0,1,0,710.14,63.65,55.79,25.4,19.61,2.51,91.29,487.2,19.53,2.24,0.27,1.08,375.4,0.69,962.15,2.52,86.39,0.03,0.19,5.8,2.71,0.1,0.97,5.15,0,4.61,83.13,55.94,27.56,2131.61,0
62,Next level Thai green curry,60,30,20,Indian,chicken,chicken thighs,1,0,0,0,1,0,320.06,7.68,1.91,23.84,21.37,6.93,203.78,998.26,38.41,10.4,1.04,41.78,375.75,2.32,745.08,0.79,83.68,0.38,0.62,2.48,3.16,0.23,0.23,3.7,1.13,24.34,82.63,39.53,50.05,481.58,0
63,One Pot Vegan Coconut Curried Brown Rice with Tofu,25,60,53,,,,0,0,0,0,0,0,436.14,10.61,5.68,72.53,66.19,13.05,0,519.25,12.88,5.42,0.57,10.98,333.56,1.73,691.94,2.74,132.77,0.31,1.41,6.34,2.64,0.46,0.6,3.22,0,17.95,81.89,58.15,38.9,4936.35,0
64,Spicy Coconut Basil Chicken Curry with Garden Vegetables,10,20,24,Indian,chicken,chicken thighs,1,0,0,0,0,0,648.69,41.22,24.02,45.1,38.65,9.59,107.73,178.68,30.15,8.97,0.99,39.69,456.82,2.39,1073.98,1.82,124.94,0.4,2.66,6.44,3.64,0.3,0.59,4.78,0.73,24.68,96.12,82.36,28.95,537.9,0
65,20 Minute Basil Chickpea Curry,5,15,43,Indian,,,0,0,0,0,0,0,626.55,51.86,38.98,40.66,34.1,12.54,1.24,444.99,10.01,2.51,0.61,2.81,305.5,0.79,994.18,2.42,154.97,0.15,3.07,6.56,2.12,0.19,0.72,11.43,0,63.21,184.18,134.01,92.89,1929.6,0
66,Curry Goat,-1,-1,100,Indian,lamb,lamb stew meat,0,0,1,0,0,0,517.3,15.55,5.36,52.88,24.97,4.54,147.42,1365.73,53.34,16.78,1.31,57.33,571.96,2.31,1631.53,3.57,244.8,0.91,12.63,27.91,11.49,0.47,0.77,28.25,6.19,376.37,1030.31,209.54,33.52,1227.22,0
67,Sea bass curry,20,40,29,Indian,seafood,seabass fillets,0,0,0,0,1,0,451.95,19.22,2.04,30.89,25.7,17.89,250,493.8,41.21,5,0.86,63.28,429.35,1.65,1114.22,0.63,114.69,0.16,3.39,5.2,1.29,0.32,0.22,4.52,6.49,52.69,121.35,63.41,22.1,2398.41,0
68,Keralan vegetable curry,25,35,26,Indian,,,0,0,0,0,0,0,195.89,12.53,10.54,20.61,10.8,10.94,3.37,148.19,3.97,20.52,0.19,4.62,110.98,0.68,585.77,0.98,42.27,0.11,0.63,9.8,0.87,0.1,0.3,1.81,0.1,6.11,67.16,245.51,43.87,131.43,0
69,Sheet Pan Kickin' Curry Honey Mustard Chicken & Veggies,15,30,40,Indian,chicken,chicken thighs,1,0,0,0,0,0,481.84,15.17,2.89,50.39,42.7,23.46,161.59,964.58,38.53,11.77,1.33,45.59,467.19,2.77,1352.51,0.64,97.45,0.45,2.61,7.69,3.52,0.4,0.32,4.03,1.09,120.57,94.73,77.63,74.53,9570.08,0
70,Summer vegetable curry,10,35,67,Indian,,,0,0,0,0,0,0,349.39,13.53,11.06,48.85,33.74,11.03,0,532.75,12.69,3.08,0.52,6.62,291.19,1.32,1049.73,1.96,125.59,0.18,1.13,15.11,2.44,0.4,0.57,4.76,0,126.56,90.43,272.71,125.5,3358.34,0
71,Quick Green Curry Chicken with Zucchini Noodles,20,15,26,Indian,chicken,chicken thighs,1,0,0,0,0,0,351.96,21.17,10.19,11.48,8.4,6.65,134.66,885.91,30.71,9.44,1.04,32.61,380.83,2.26,975.9,0.72,87.22,0.43,2.14,3.09,3.03,0.24,0.28,3.52,0.91,24.62,67.4,69.64,82.29,5576.31,0
72,Prawn & coconut curry,20,12,6,Indian,seafood,shrimp,0,0,0,0,1,0,226.35,12.88,8.14,13.4,11.03,5.44,120.75,183.54,17.29,0.88,0.22,0.89,221.6,0.32,522.18,0.58,56.31,0.06,2.19,2.37,1.53,0.08,0.53,1.82,0,6.12,85.61,16.58,26.57,220.46,0
73,Cauliflower and Coconut Curry,-1,-1,100,Indian,,,0,0,0,0,0,0,777.38,56.88,25.06,57.02,33.29,14.71,0,141.22,21.3,4.38,1.15,14.08,491.49,3.63,2054.58,2.57,168.95,0.35,13.86,23.73,3.94,0.61,0.73,8.59,0,70.48,175.38,429.9,213.93,645.6,0
74,Creamy Coconut Lentil Curry + Weekly Menu,10,60,33,Indian,,,0,0,0,0,0,0,390.92,22.72,18.88,39.89,24.54,10.99,0,588.27,13.6,3.63,0.56,9.32,301.21,1.33,1155.33,1.64,110.6,0.17,2.55,15.35,2.69,0.45,0.71,7.26,0,19.6,111.93,194.83,36.6,938.07,0
75,Jamaican Curry Chicken,15,40,26,Indian,chicken,chicken breast,1,0,0,0,0,0,425.68,18.82,9.06,28.53,23.35,4.01,90.72,927.69,33.36,16.37,1.56,47.06,390.26,2.44,1150,0.54,80.22,0.23,3.23,5.18,1.48,0.21,0.21,3.51,0.28,14.6,64.15,49.29,69.92,1164.35,0
76,Thai Green Coconut Curry (Pei Wei Inspired),15,15,28,Indian,chicken,chicken breast,1,0,0,0,0,0,508.36,34.89,27.94,25.83,19.75,15.65,72.32,321.31,28.49,13.66,1.22,43.23,388.83,2.14,1046.37,1.22,91.43,0.21,1.21,6.08,1.68,0.19,0.41,3.41,0.23,25.36,85.03,55.15,81.87,7892.77,0
77,Cheat’s katsu curry,15,25,39,Indian,beef,steak,0,1,0,0,0,0,644.47,40.16,16.66,21.89,19.42,5.89,147.84,1226.95,49.36,12.7,1.08,57.53,398.68,0.34,887.71,0.39,74.88,0.61,0.87,2.48,12.1,0.27,0.28,4.91,3.75,21.85,52.59,41.03,16.15,5863.49,0.23
78,Ground Beef Curry with Peas (Keema Matar) ,5,45,13,Indian,chicken,ground chicken,1,0,0,0,0,0,258.92,10.78,2.98,16.59,11.01,6.82,107.5,747.95,25.34,8.27,0.85,14.21,302.55,1.55,1019.14,0.8,58.36,0.39,0.93,5.58,2.66,0.29,0.24,2.35,0.7,22.12,55.68,45.98,31.07,1027.37,0
79,Coconut Curry Shrimp Rice Bowl,15,25,17,Indian,seafood,shrimp,0,0,0,0,1,0,420.39,14.71,10.95,45.39,42.18,4.86,182.86,701.89,28.28,1.77,0.25,10.61,369.87,0.78,674.03,1.13,81.16,0.08,1.35,3.21,2.57,0.08,0.74,2.35,0,6.94,109.94,32.48,43.45,1125.27,0
80,Chickpea Curry,-1,-1,18,Indian,,,0,0,0,0,0,0,436.31,28.43,17.95,38.69,27,6.79,0,655.64,11.99,1.06,0.95,9.64,246.72,0.74,597.23,2.46,90.64,0.06,1.18,11.7,1.96,0.12,0.53,4.98,0,6.91,134.1,66.41,10.05,638.15,0
81,Paneer jalfrezi,-1,-1,17,Indian,,,0,0,0,0,0,0,539.76,40.27,16.21,29.96,22.5,15.65,66,300.8,18.51,2.56,0.67,1.14,113.99,0.55,908.81,0.59,58.65,0.17,4.9,7.45,0.84,0.19,0.25,2.69,0,48.12,550.87,83.08,183.05,4001.63,0
82,Butternut Chickpea Curry,20,40,87,Indian,,,0,0,0,0,0,0,155.56,3.46,0.52,28.23,21.11,8.72,0,307.48,6.56,2.69,0.69,7.5,139.7,1.03,701.72,0.96,61.62,0.19,2.11,7.11,1.15,0.18,0.41,2.94,0,7.29,100.56,61.6,59.36,6760.72,0
83,"Mushroom, chickpea and spinach curry",30,60,44,Indian,,,0,0,0,0,0,0,446.76,15.61,7.58,65.1,58.01,8.15,30.13,449.17,14.85,8.56,0.43,35.58,257.23,2.18,1040.74,1.19,94.95,0.94,3.55,7.09,1.82,0.7,0.64,5.37,0.15,267.24,155.69,251.72,25.3,9167.79,0.23
84,Lamb & mango curry,10,165,24,Indian,lamb,lamb shoulder,0,0,1,0,0,0,345.77,21.1,15.77,22.66,17.85,14.48,53.76,83.32,20.34,6.5,0.36,24.53,269.15,0.99,763.02,1.35,72.08,0.26,1.43,4.81,4.39,0.18,0.44,3.99,2.24,8.6,65.27,74.02,36.47,1239.28,0
85,Instant Pot Sweet Potato Chickpea Curry,15,20,31,Indian,,,0,0,0,0,0,0,349.97,18.34,12.6,40.6,31.19,8.87,0,106.48,10.15,1.76,0.44,3.61,241.65,0.93,838.38,1.77,106.27,0.16,1.85,9.41,1.94,0.2,0.54,5.92,0,122.84,105.94,202.36,49.15,13530.99,0
86,Courtney's Curry Chicken Noodle Soup,15,45,16,Indian,chicken,chicken thighs,1,0,0,0,0,0,398.95,13.32,6.53,45.82,43.36,2.82,71.82,939.2,22.98,8.36,0.54,23.95,323.34,1.08,693.58,0.73,54.45,0.3,0.79,2.46,2.12,0.13,0.29,2.84,0.73,32,66.54,33.8,37.97,4527.62,0
87,Curry Turkey Pot Pie,50,60,10,Indian,other,whole turkey,0,0,0,0,0,1,396.43,23.81,11.96,29.89,26.19,5.38,78.05,796.1,16.46,5.92,0.51,16.53,202.66,0.86,495.9,0.41,40.98,0.33,0.93,3.7,1.64,0.26,0.16,2.16,0.7,17.33,81.29,66.26,12.87,4730.38,0
88,Curry,-1,-1,27,Indian,chicken,chicken breast,1,0,0,0,0,0,1026.71,79.08,47.69,24.36,22.4,8.04,371.99,349.61,55.75,24.37,1.93,81.47,633.04,3.99,1192.42,0.37,87.32,0.65,3.27,1.97,2.19,0.23,0.17,2.07,0.77,10.17,168.78,28.49,14.63,3970.77,3.45
89,Chickpea Curry,15,25,23,Indian,,,0,0,0,0,0,0,298.31,20.91,14.83,24.3,17.5,7.36,0,347.12,8.37,2.73,0.47,6.37,185.29,0.43,593.01,1.45,65.99,0.09,1.53,6.8,1.3,0.08,0.4,3.6,0.12,56.99,83.1,59.45,8.2,6665.03,0
90,Curried chicken & cashew rice,-1,-1,21,,chicken,whole chicken,1,0,0,0,0,0,736.05,21.26,5.1,111.35,108.31,3.34,40.68,50.48,23.41,6.34,0.58,29.74,356.8,2.12,468.91,1.62,112.89,0.2,0.7,3.04,3.54,0.19,0.89,3.43,0.17,12.89,66.44,37.5,36.93,1475.66,0
91,Shrimp and Cabbage Curry,-1,-1,37,Indian,seafood,shrimp,0,0,0,0,1,0,467.81,34.51,28.9,20.15,12.31,9.03,182.57,226.14,28.02,1.85,0.4,7.35,407.37,0.64,998.85,1.41,110.4,0.14,1.95,7.84,2.81,0.15,0.8,4.66,0,118.02,173.34,90.21,92.35,2941.36,0
92,Thai green prawn curry,10,5,37,Indian,seafood,shrimp,0,0,0,0,1,0,720.31,42.09,24.71,59.18,53.78,7.85,136.85,464.37,30.86,2.54,0.41,37.16,476.42,1.15,908.24,1.86,142.85,0.12,6.23,5.4,3.02,0.22,0.88,7.68,0,32.26,165.19,71.54,54.34,3449.51,0
93,Assam Fish Curry,-1,-1,56,Indian,seafood,fish,0,0,0,0,1,0,415.18,26.71,21.94,12.61,9.98,4.75,75,165.31,33.35,37.52,0.38,63.22,353.7,1.01,773.85,1.08,68.2,0.13,1.04,2.63,1.28,0.11,0.39,2.96,2.38,4.05,53.04,379.81,91.5,2150.12,4.65
94,Chicken and Broccoli Coconut Curry,10,20,32,Indian,chicken,chicken breast,1,0,0,0,0,0,560.96,48.3,40.87,15.07,11.7,2.69,54.24,739.01,25.25,10.88,0.89,29.92,453.16,2.06,1119.85,1.97,146.89,0.2,1.54,3.38,2.18,0.17,0.57,8.89,0.17,96.08,100.53,95.5,85.79,625.5,0
95,Creamy split pea curry,20,60,52,Indian,,,0,0,0,0,0,0,434.71,15.35,8.86,57.57,39.59,15.56,5.5,298.2,17.91,3.1,0.46,2.64,282.69,1.47,1054.34,1.04,96.19,0.25,2.09,18.01,2.2,0.52,0.7,4.47,0.14,22.85,160.07,171.05,69.75,2933.38,0
96,Easy peasy lentil curry,5,45,70,Indian,,,0,0,0,0,0,0,560.04,9.38,1.42,107.39,87.82,17.19,0,873.31,13.32,2.93,0.47,13.43,326.57,2.24,1151.71,2.04,105.81,0.2,5.87,19.57,2.97,0.46,0.52,4.22,0,44.12,132.71,260.7,39.21,2822.94,0
97,"Cauliflower, Pea, and Coconut Curry",-1,-1,29,Indian,,,0,0,0,0,0,0,565.05,45.65,19.62,35.19,26.53,10.92,0,206.77,13.45,2.62,0.71,8.57,399.43,1.92,1249.3,1.73,175.68,0.2,3.25,8.67,3.18,0.34,1,6.78,0,57.89,113.31,165.95,119.44,309.82,0
98,Runner bean & curry leaf bhajis with coconut chutney,30,20,40,Indian,,,0,0,0,0,0,0,287.75,10.31,7.96,43.77,38.8,4.14,0,25.56,7.36,173.26,0.24,17.85,121.5,0.41,367.09,0.86,53.96,0.31,0.74,4.96,0.85,0.42,0.24,4.27,0,32.02,119.72,1842.56,325.64,1186.6,0
99,Chicken Curry (Classic Malaysian Style),20,35,32,Indian,chicken,chicken thighs,1,0,0,0,0,0,434.11,14.33,7.36,39.59,32.38,3.97,161.59,232.48,38.52,17.53,1.45,40.65,485.79,2.68,1387.46,2.95,115.17,0.39,1.67,7.21,3.67,0.33,0.43,6.18,1.09,13.99,105.1,113.63,45.87,322.26,0
100,Basil Chicken Coconut Curry,15,25,10,Indian,chicken,chicken thighs,1,0,0,0,0,0,479.29,35.59,22.69,17.53,14,5.22,107.73,700.76,25.57,7.36,0.68,34.13,343.11,1.71,661.46,1.29,75.48,0.23,1.81,3.54,2.67,0.16,0.39,3.16,0.73,14.88,54.92,30.88,12.57,188.17,0
101,South Indian coconut & prawn curry,15,30,60,Indian,seafood,cod fillets,0,0,0,0,1,0,294.59,11.85,5.34,33.8,24.5,13.63,30.14,305.13,18.61,61.31,0.74,26.45,305.23,0.88,1365.82,2.39,106.48,0.21,3.63,9.3,1.7,0.25,0.42,3.86,0.65,39.07,144.84,660.24,178.75,14157.9,0.63
102,Creamy Coconut Chicken Curry,5,10,34,Indian,chicken,cooked chicken,1,0,0,0,0,0,649.14,22.92,14.81,80.25,73.8,3.83,65.63,373.06,31.55,11.89,0.95,25.79,504.06,2.5,748.17,4.29,193.36,0.23,0.59,6.45,3.83,0.51,0.52,4.69,0.25,24.96,77.96,53.05,8.53,427.7,0
103,Indian Chicken Curry,20,180,15,Indian,chicken,chicken thighs,1,0,0,0,0,0,463.45,28.93,8.59,20.93,17.02,8.66,156.61,967.39,30.67,9.65,0.85,33.34,341.38,2.08,898.37,0.53,70,0.37,2.45,3.91,2.63,0.26,0.4,3.76,1.08,13.99,100.65,33.05,15.72,2184.45,0.15
104,Curried Chickpea and Vegetable Wrap,15,0,100,,,,0,0,0,0,0,0,262.54,15.73,2.18,26.37,15.79,3.13,0,349.46,8.96,2.36,0.8,6.52,220.61,1.22,640.78,1.09,66.61,0.16,2.4,10.58,1.77,0.29,0.47,2.74,0,63.28,97.89,115.39,65.36,4974.5,0
105,Cauliflower and Butternut Quinoa Curry,15,30,42,Indian,,,0,0,0,0,0,0,340.51,15.49,10.98,43.59,30.17,9.93,0,709.66,11.64,2.85,0.5,7.12,275.3,1.37,1009.44,1.46,117.28,0.26,2.14,13.42,2.19,0.4,0.42,4.44,0,144.12,171.91,211.86,76.37,14321.06,0
106,Chickpea Potato Curry,10,45,37,Indian,,,0,0,0,0,0,0,540.97,11.85,4.28,90.72,69.07,20.07,15.05,1329.64,23.36,3.41,0.8,9.38,468.51,1.25,1417.17,2.64,154.33,0.24,2.25,21.64,3.97,0.43,1.07,8.74,0,16.46,178.22,408.31,35.13,801.79,0
107,Tofu and Summer Vegetable Curry,-1,-1,39,Indian,,,0,0,0,0,0,0,516.43,41,23.25,29.82,19.41,17.79,0,146.73,14.54,2.9,0.55,7.21,320.93,1.02,1285.07,1.62,126.77,0.3,2.94,10.41,2.16,0.29,0.69,4.9,0,44.03,143.56,108.11,46.79,3846.66,0
108,Vibrant Curry Cashew Chickpea Quinoa Salad,20,25,90,Indian,,,0,0,0,0,0,0,475.24,18.68,2.91,65.62,53.84,18.01,0,905.3,16.51,2.12,0.95,10.5,428.06,1.02,754.5,2.25,184.83,0.25,2.2,11.77,3.73,0.37,0.99,5.6,0,107.02,96,137.14,58.14,4401.28,0
109,Pakistani Beef Curry (Bhunna Gosht),5,35,31,Indian,,,0,0,0,0,0,0,360.43,26.36,8.14,11.06,8.39,3.42,71,173.44,20.51,5.87,0.47,18.67,234.82,0.58,959.88,0.87,108.05,0.35,1.94,2.67,4.89,0.22,0.32,7.29,2.14,171.04,178.15,51.16,76.54,1220.9,0
110,Chicken Dal Curry,15,60,27,Indian,chicken,chicken thighs,1,0,0,0,0,0,394.54,11.42,2.43,32.56,22.84,7.08,161.59,1189.77,41.31,10.73,1.13,41.23,468.46,2.78,966.37,0.78,90.57,0.43,1.54,9.72,3.8,0.42,0.45,3.63,1.09,25.26,93.13,99.43,19.72,1429.58,0
111,Chickpeas with Curry,10,20,1,Indian,,,0,0,0,0,0,0,230.85,18.05,7.5,15.45,13.14,1.4,30.12,120.51,3.25,0.69,0.22,2.19,78.13,0.32,153.54,0.75,32.29,0.07,1.94,2.31,0.58,0.08,0.09,1.41,0.06,8.27,48.75,14.43,2.22,413.57,0.32
112,Coconut Vegetable Curry Over Quinoa,-1,-1,36,Indian,,,0,0,0,0,0,0,459.4,20.9,17.4,56.66,47.56,11.19,0,270.68,9.82,2.02,0.71,3.39,249.13,1.48,1128.91,1.18,117.35,0.35,1.09,9.1,1.87,0.27,0.46,2.94,0,88.94,95.57,100.84,45.3,19235.76,0
113,Short on Time? You Can Make this Easy Vegan Coconut Curry in as Little as 30 Minutes,-1,30,22,Indian,,,0,0,0,0,0,0,287.22,21.08,14.82,24.58,18.57,8.77,0,340.23,4.81,1.95,0.34,6.09,145.83,0.97,713.73,1.06,64.52,0.12,2.34,6.01,1.02,0.15,0.43,3.06,0,40.26,77.94,49.55,38.13,8395.04,0
114,Kidney bean curry,5,30,44,Indian,,,0,0,0,0,0,0,323.01,2.13,0.33,64.32,47.76,15.12,0,784.45,16.47,3.92,0.64,7.36,325.72,1.09,1293.11,1.35,121.67,0.29,2.95,16.56,2.24,0.42,0.75,6.49,0,26.85,166.76,92.14,28.1,1039.74,0
115,One Pot Vegetarian Thai Curry,20,20,30,Thai,,,0,0,0,0,0,0,371.18,22.04,17.69,38.72,31.29,7.9,0,618.4,8.83,2.59,0.67,7.63,204.53,1.01,634.91,1.61,79.7,0.12,0.71,7.44,1.47,0.32,0.4,5.81,0,23.6,102.99,106.73,72.54,9903.83,0
116,Slow Cooker Madras Beef Curry with Vegetables,45,240,47,Indian,beef,beef chuck roast,0,1,0,0,0,0,471.31,19.66,7.83,42.37,35.03,7.21,99.8,821.14,34.62,9.86,1.36,32.35,445.08,1.7,1698.46,0.81,98.7,0.42,2.69,7.34,11.79,0.34,0.48,6.59,3.93,16.25,112.74,49.55,74.84,1524.05,0.16
117,One Pan Thai Coconut Yellow Curry Chicken & Rice,10,30,20,Indian,chicken,chicken thighs,1,0,0,0,0,0,473.31,16.17,11.41,51.86,47.72,5.23,107.73,558.7,27.15,8.18,0.83,33.31,313.26,2.16,666.6,0.8,63.26,0.34,1.24,4.15,2.59,0.23,0.24,2.54,0.73,48.96,72.15,52.42,51.46,7116.21,0
118,Creamy beetroot curry,15,45,39,Indian,,,0,0,0,0,0,0,224.82,4.85,0.88,40.88,29.58,26.47,1.2,381,8.86,2.19,0.4,5.37,185.03,0.86,1239.98,1.1,90.1,0.21,1.42,11.3,1.48,0.19,0.4,4.01,0.11,6.11,152.69,299.77,28.05,2080.99,0
119,Mahi Mahi Panang Curry + Weekly Menu,10,20,27,Indian,seafood,mahi mahi,0,0,0,0,1,0,479.85,23.93,16.83,38.19,30.06,6.72,82.78,830.38,30.94,8.41,0.68,46.59,255.23,1.19,808.68,0.76,85.9,0.13,1,8.12,1.2,0.08,0.26,4.91,0.72,5.51,92.78,45.96,59.25,4472.1,0
120,Potato Vindaloo Curry,15,45,17,Indian,,,0,0,0,0,0,0,254.46,1.47,0.22,50.95,45.83,6.84,2.5,123.37,11.5,2.82,0.95,9.16,232.56,0.93,1189.91,0.8,80.3,0.25,0.63,5.12,1.32,0.23,0.35,4.08,0.35,5.98,141.56,41.36,17.41,604.69,0
121,Lamb meatball curry,5,35,10,Indian,lamb,lamb,0,0,1,0,0,0,329.55,25.42,21.78,24.26,19.44,4.93,2.19,22.99,5,2,0.33,7.1,162.19,0.5,691.49,1.07,60.76,0.04,0.17,4.83,1.07,0.11,0.38,2.76,0.07,2.11,44.31,32.62,23.46,1774.53,0
122,"Curry Sautéed Cabbage (Paleo, Vegan, Keto)",15,30,59,Indian,,,0,0,0,0,0,0,151.59,9.1,4.2,16.34,10.2,7.72,0,72.86,4.11,1.24,0.31,1.23,97.55,0.46,448.33,0.57,40.54,0.11,0.64,6.15,0.79,0.18,0.13,2.01,0,123.81,82.32,93.53,79.9,2655.29,0
123,Japanese Dry Curry,10,20,18,,beef,ground chuck,0,0,0,0,0,1,429.96,23.38,8.87,31.07,25.35,10.5,80.51,1119.85,24.49,7.18,0.75,18.92,287.61,0.97,899.33,0.45,59.22,0.3,1.21,5.72,5.45,0.2,0.26,4,2.47,15.6,72.81,51.06,30.22,5560.46,0
124,Creamy Curry Chicken Salad Wraps,15,20,9,Indian,chicken,chicken breast,1,0,0,0,0,0,152.72,4.83,0.96,5.19,4.17,1.76,55.49,402.35,21.79,9.17,0.72,31.08,251.67,1.37,471.32,0.28,48.89,0.16,0.58,1.01,1.02,0.1,0.18,1.12,0.32,23.52,44.05,18.62,6.87,544.12,0
125,Curry Cauliflower Rice,-1,-1,33,Indian,,,0,0,0,0,0,0,358.9,22.72,11.57,31.89,23.09,16.42,2.5,174.58,14.55,2.64,0.71,10.72,347.09,2.15,1234.37,1.4,118.06,0.37,2.21,8.81,2.1,0.19,0.4,3.77,0.35,50.76,153.02,183.34,166.52,1139.06,0
126,Thai Paleo Panang Curry,10,30,37,Indian,chicken,chicken breast,1,0,0,0,0,0,723.85,58.77,44.81,12.25,10.01,3.58,108.86,982.47,43.21,19.86,1.48,55.54,614.31,2.9,1265.74,1.9,185.05,0.28,2.74,2.24,2.56,0.18,0.61,8.54,0.38,1.87,104.72,61.7,44.57,3346.44,0.17
127,"Channa-Chickpea, Potato & Cauliflower Curry",-1,-1,26,Indian,,,0,0,0,0,0,0,94.11,4.01,0.42,13.79,11.72,2.17,0,32.6,1.73,0.74,0.22,0,47.23,0.2,308.5,0.22,22.41,0.04,1.81,2.08,0.32,0.06,0.1,1.58,0,2.54,27.59,13.34,12.28,267.84,0
128,How to Make Japanese Curry Over Mashed Potatoes,15,20,14,,,,0,0,0,0,0,0,389.54,21.77,10.35,43.87,37.11,4.29,40.13,378.33,7.8,2.74,0.74,1.4,179.96,0.81,1129.59,0.53,78.16,0.29,2.36,6.75,0.92,0.33,0.35,2.73,0.93,25.89,158.49,58.89,46,3514.91,0.97
129,Curried pulled lamb,45,240,75,,lamb,lamb shoulder,0,0,1,0,0,0,399.37,19.14,5.04,11.75,8.55,4.98,136.57,208.87,44.19,13.19,0.48,49.05,448.67,1.7,902.52,0.78,76.23,0.54,3.91,3.2,9.24,0.31,0.34,5.03,5.67,6.66,91.71,68.4,14.29,680.13,0
130,Pressure Cooker Green Curry,15,15,42,Indian,chicken,chicken thighs,1,0,0,0,0,0,738.06,58.41,30.91,23.58,15.09,10.27,166.7,867.85,35.84,10.55,1.11,42.78,512.22,3.03,1408.29,1.51,127.6,0.51,2.25,8.49,3.76,0.32,0.5,4.63,1.11,171.9,137.88,149.27,169.06,8918.45,0.17
131,All-Purpose Coconut Curry,-1,-1,27,Indian,,,0,0,0,0,0,0,378.88,31.63,27.19,23.9,17.51,11.9,0,252.65,7.69,15.33,0.37,11.05,220.29,0.68,894.55,1.66,84.35,0.11,1.92,6.38,1.5,0.17,0.66,4.57,0.08,7.59,95.43,163.79,40.38,324.37,0
132,Easy Coconut Shrimp Curry,10,20,13,Indian,seafood,shrimp,0,0,0,0,1,0,612.47,48.35,33.87,21.42,15.85,7.15,208.78,1336.27,31.64,2.33,0.3,1.66,448.68,0.61,1064.12,1.75,104.02,0.08,3.13,5.57,3.14,0.14,1.1,5.51,0,13.35,157.48,42.81,15.69,443.2,0
133,Roasted Curried Cauliflower,10,25,40,,,,0,0,0,0,0,0,228.59,19,2.82,13.85,8.98,4.84,0,355.61,4.51,1.14,0.45,1.9,104.47,1.45,681.75,0.47,36.28,0.14,2.98,4.87,0.66,0.12,0.11,1.32,0,44.64,61,125.09,106.17,0,0
134,Creamy Coconut Chickpea Curry with Sweet Corn & Zucchini,15,25,29,Indian,,,0,0,0,0,0,0,491.03,22.31,8.85,61.4,51.88,9.27,0,548.51,13.18,2.41,0.95,12.55,314.99,1.56,890.75,1.78,112.81,0.21,1.66,9.52,2.54,0.36,0.64,3.69,0,36.59,132.41,112.12,30.47,579.72,0
135,Roasted Butternut Squash Lentil Curry,15,45,71,Indian,,,0,0,0,0,0,0,575.04,31.01,21.33,64.59,43.93,9.16,0,756.86,18.29,4.71,0.78,5.99,426.56,2.35,1630.98,2.1,191.3,0.19,4.49,20.65,3.51,0.69,0.69,9.93,0,18.42,173.78,332.51,76.23,20533.5,0
136,Beef Massaman Curry,10,140,12,Thai,,,0,0,0,0,0,0,565.12,42.46,20.84,22.27,18.47,7.28,80.51,893.59,25.88,7.96,0.66,22.16,319.91,1.02,858.39,0.82,86.92,0.23,1.42,3.8,5.56,0.15,0.34,4.06,2.5,4.93,63.1,46.85,16.27,602.28,0
137,Vegetable Curry,-1,-1,100,Indian,,,0,0,0,0,0,0,192.54,4.38,0.6,34.55,27.68,8.24,0,84.51,6.34,2.66,0.57,1.27,148.93,0.58,1028.7,0.62,65.08,0.11,1.94,6.87,0.96,0.2,0.34,2.44,0,33.32,62.8,89.55,63.4,4618.24,0
138,Prawn jalfrezi,10,22,34,Indian,seafood,shrimp,0,0,0,0,1,0,401.67,7.48,0.84,70.41,60.26,24.23,88.2,676.21,18.29,6.09,0.98,23.49,396.36,1.51,1161.4,2.18,141.77,0.21,4.68,10.15,2.48,0.41,0.74,5,0.78,27.74,177.52,75.79,96.84,971.6,0
139,Lentil & Spinach Curry,-1,-1,100,Indian,,,0,0,0,0,0,0,495.11,6.47,0.89,80.42,44.12,9.2,0.62,422.74,32.03,4.68,0.95,10.45,553.49,2.6,1874.19,2.48,224.53,0.47,4.43,36.29,5.76,1.06,0.86,11.97,0,487.41,213.26,696.65,44.92,10767.67,0
140,Curried Sweet Potato Chickpea Burgers,30,30,5,American,,,0,0,0,0,0,0,123.55,5.84,0.72,15.02,11.76,1.86,1.59,274.9,3.61,0.32,0.28,2.54,78.58,0.44,209.79,0.61,27.63,0.05,0.95,3.26,0.63,0.06,0.13,1.24,0,7.69,44.58,17.93,4.54,3666.39,0
141,Coconut Prawn Curry,-1,-1,9,Indian,seafood,shrimp,0,0,0,0,1,0,140.3,6.61,5.46,3.71,3.05,0.9,134.17,143.32,17.77,6.03,0.06,0,216.32,0,338.99,0.35,47.24,0,0,0.65,1.36,0.02,0.41,1.71,0,0,71.77,66.86,14.57,0,0
142,Quick and Easy-One Pan Veggie Red Curry,15,10,37,Indian,,,0,0,0,0,0,0,411.78,25.55,19,38.45,27.64,5.46,0,891.18,12.72,1.49,1.04,4.14,274.32,0.87,771.13,2.57,120.65,0.1,0.77,10.8,2.11,0.13,0.57,6.67,0,114.83,143.37,114.32,12.62,12112.31,0
143,Crab curry,30,75,46,Indian,seafood,crabmeat,0,0,0,0,1,0,554.28,35.61,13.23,31.44,24.08,10.48,54.6,1458.89,30.22,32.44,0.44,54.46,418.56,0.82,855.04,1.23,115.38,0.16,4.71,7.36,8.71,0.19,1.53,4.41,11.78,25.63,172.06,385.76,81.98,1078.43,0
144,South African Bobotie (Beef Curry Casserole),10,65,12,African,other,meatballs,0,0,0,0,0,1,618.26,42.97,18.61,25.3,22.87,5.45,180.39,590.48,32.28,7.63,0.7,32.61,361.89,1.28,760.77,0.38,49.94,0.43,1.22,2.43,7.04,0.26,0.2,4.59,3.57,4.62,137.46,43.14,6.25,414.41,0.84
145,Courgette & cauliflower yellow curry,10,30,38,Indian,,,0,0,0,0,0,0,547.08,26.04,22.05,71.76,63.75,12.3,0,68.34,11.75,3.29,0.73,17.24,302.67,1.97,1201.06,2.18,107.3,0.27,0.59,8.01,2.3,0.23,0.57,3.75,0,29.69,110.28,134.08,107.24,1626.81,0
146,Sweet Potato Vindaloo,-1,-1,18,Indian,,,0,0,0,0,0,0,321.79,12.04,0.98,50.87,42.01,13.98,0,695.49,5.34,2.28,0.63,2.67,140.91,1.77,990.44,1.1,75.06,0.18,3.97,8.86,1.01,0.24,0.48,3.33,0,18.19,122.01,39.62,16.37,26283.76,0
147,Squash & coconut curry,10,20,70,Indian,,,0,0,0,0,0,0,662.87,49.27,42.78,60.1,46.34,18.53,0,48.71,9.25,6.66,0.82,14.48,341.63,2.05,1993.88,2.69,212.11,0.13,6.65,13.76,2.07,0.47,0.82,6.76,0,14.04,243.4,161.99,164.6,44117.2,0
148,Braised Short Ribs With Onions and Curry Leaves,-1,-1,79,Indian,beef,bone in beef short ribs,0,1,0,0,0,0,958.97,55.09,23.57,62.34,49.86,9.54,165.72,368.5,56.35,11.87,1.93,41.51,700.12,1.76,2357.86,1.11,155.35,0.56,3.28,12.48,13.38,0.51,0.68,10,8.42,16.73,126.32,77.77,58.85,839.08,0
149,Curry Noodles,10,10,27,Indian,,,0,0,0,0,0,0,373.03,6.85,0.75,66.09,59.47,8.61,0,946.7,11.89,2.16,0.36,10.23,184.39,0.43,407.24,0.74,41.41,0.14,2.05,6.62,1.22,0.19,0.21,2.88,0,17.08,124.63,61.99,80.74,5742.4,0
150,Clean eating green thai veggie curry,5,15,30,Indian,,,0,0,0,0,0,0,388.3,34.12,26.23,19.88,15.52,7.42,0,764.49,8.43,2.65,0.47,2.62,261.19,0.74,828.9,1.53,127.43,0.17,0.87,4.36,1.83,0.19,0.64,6.71,0,53.5,89.6,78.94,123.56,3759.1,0
151,Thai Chickpea Curry (Quick & Easy!),10,20,16,Indian,,,0,0,0,0,0,0,417.92,31.21,23.19,31.83,23.37,11.52,0,896.84,8.44,1.35,0.67,9.2,211.42,0.64,580.41,2.22,81.11,0.18,1.49,8.46,1.71,0.1,0.48,3.76,0,11.49,82.75,63.8,44.07,1043.55,0
152,"Lamb, chickpea & spinach curry with masala mash",-1,-1,80,Indian,lamb,lamb stew meat,0,0,1,0,0,0,461.03,13.39,3.53,52,42.05,8.59,84.62,399.36,35.51,10.92,1.22,32.21,468.31,2,1732.46,1.25,142.6,0.52,2.74,9.95,6.8,0.45,0.68,7.57,3.51,132.14,177.22,138.17,54.16,3206.24,0
153,Jamaican Curried Goat,-1,-1,13,,,,0,0,0,0,0,0,197.48,10.71,4.37,20.71,15.81,11.85,15.13,83.63,7.66,1.41,0.31,3.72,227.81,0.64,764.09,0.63,59.58,0.25,2.33,4.9,1.02,0.17,0.24,2.29,0.1,18.87,250.1,38.6,24.23,1359.64,1.79
154,Homemade Massaman Curry,20,30,16,Thai,chicken,chicken breast,1,0,0,0,0,0,360.34,20.16,11.67,27.96,23.86,7.35,36.29,359.81,20.48,10.35,0.82,22.92,295.14,1.42,920.8,0.94,86,0.13,0.96,4.1,1.37,0.18,0.36,2.29,0.17,4.71,50.04,43.86,9.74,4156.59,0
155,Sweet & hot prawn & pineapple curry,15,15,15,Indian,seafood,shrimp,0,0,0,0,1,0,273.32,13.61,10.9,29.64,25.2,18.06,94.5,615.95,13.26,2.9,0.48,26.45,274.75,0.68,562.41,1.88,72.71,0.09,2.08,4.43,1.5,0.16,0.48,2.99,0.84,8.45,93.25,60.6,107.72,518.55,0
156,Thai red curry,15,20,30,Indian,chicken,chicken thighs,1,0,0,0,0,0,708.71,51.55,39.07,15.31,14.3,3.09,214.7,936.25,48.98,14.31,1.17,53.53,621.85,3.12,1062.71,1.66,163.16,0.42,0.5,1,4.67,0.26,0.59,8.95,1.49,11.74,92.55,44.48,21.21,3132.81,0
157,Thai Salmon Green Curry,10,20,24,Indian,seafood,salmon,0,0,0,0,1,0,385.18,32.1,22.54,12.54,7.77,5.92,31.18,416.98,16.22,5.91,0.69,29.14,268.23,1.58,826.86,1.16,81.21,0.31,1.41,4.77,1.39,0.22,0.48,3.09,1.82,87.05,76.95,81.64,83.31,1901.72,0
158,Curry Chicken Salad,20,10,29,Indian,chicken,chicken breast,1,0,0,0,0,0,419.69,18.88,8.47,13,9.42,2.18,149.35,411.33,51.73,24.22,1.8,75.14,564.03,3.41,1089.01,0.6,101.72,0.38,3.36,3.58,1.96,0.19,0.25,2.06,0.5,8.16,75.84,28.33,5.34,221.05,0.25
159,Chinese Curry Puffs with Beef,105,45,1,Chinese,beef,ground chuck,0,0,0,0,0,1,220.04,15.39,4.55,13.76,12.97,0.54,17.89,246.72,6.58,2.29,0.11,10.54,62.47,0.14,115.33,0.2,11.73,0.12,0.4,0.79,1.25,0.12,0.06,1.52,0.55,5.53,14.01,25.1,0,0,0
160,Aubergine katsu curry,15,45,30,Indian,,,0,0,0,0,0,0,719.89,27.18,22.04,110.18,96.16,24.45,0,212.36,14.78,5.63,0.54,26.83,324.7,1.87,1160.45,2.78,122.73,0.3,2,14.02,2.57,0.52,0.78,5.97,0.09,19.81,148.29,136.59,14.42,150.68,0
161,"Tomato, runner bean & coconut curry",15,30,39,Indian,,,0,0,0,0,0,0,790.13,29.61,22.18,112.68,89.62,12.14,0,40.3,23.71,4.49,0.67,23.11,487.8,2.43,1306.88,2.74,152.53,0.26,2.04,23.06,4.32,0.64,0.86,8.07,0,43.97,137.28,309.97,51.56,2239.38,0
162,Keralan vegetable curry,25,35,25,Indian,,,0,0,0,0,0,0,297.89,22.87,19.71,23.43,11.19,11.31,3.37,153.86,5.16,20.54,0.28,7.42,141.98,0.85,648.11,1.39,61.6,0.14,0.7,12.24,1.17,0.1,0.42,2.11,0.1,6.15,71.16,239.85,43.27,131.43,0
163,Dairy-Free Vegetable Curry (Indian-Style),10,15,36,Indian,,,0,0,0,0,0,0,244.55,9.56,5.74,35.13,26.61,5.85,0,444.39,9,2.32,0.85,4.33,192.64,0.97,935.06,1.41,93.81,0.16,2.15,8.52,1.42,0.2,0.47,4.47,0,100.54,118.87,103.93,41.12,2992.82,0
164,Mom’s Dairy-Free Curry Chicken,15,90,18,Indian,chicken,chicken breast,1,0,0,0,0,0,382.27,13.44,3.2,24.23,23.51,23.36,120.53,415.18,40.61,19.76,1.43,64.13,410.66,2.73,740.89,0.12,56.21,0.21,2.97,0.72,1.25,0.14,0.07,1.18,0.38,8.17,20.83,9.85,2.52,549.94,0.19
165,Keralan Spring Vegetable Coconut Curry,-1,-1,33,Indian,,,0,0,0,0,0,0,462.09,35.83,19.95,34.66,26.38,9.68,0,647.56,7.54,37.64,0.56,1.83,228.51,0.83,1017.93,1.6,108.11,0.21,3.5,8.28,1.49,0.27,0.46,5.65,0,73.57,123.52,444.06,104.42,10549.71,0
166,Nightshade-Free AIP Curry,10,30,52,Indian,chicken,chicken breast,1,0,0,0,0,0,450.71,32.39,27.34,31.33,22.76,7.69,24.11,779.05,18.44,7.1,0.96,17.91,405.24,2.23,1502.85,1.95,142.77,0.41,2.18,8.56,2.3,0.28,0.54,7.35,0.08,232.11,174.84,182.52,205.18,9647.18,0
167,"Chicken, potato & green bean curry",10,30,45,Indian,chicken,chicken thighs,1,0,0,0,0,0,237.64,6.71,1.67,39.88,32.94,11.65,6.97,246.96,7.69,3.15,0.62,2.61,165.68,0.97,1021.47,0.54,69.53,0.21,3.25,6.94,1.05,0.24,0.39,3.25,0.15,30.55,141.02,57.69,41.43,1835.98,0
168,Easy Chicken Vegetable Curry,10,20,24,Indian,chicken,chicken thighs,1,0,0,0,0,0,513.9,39.85,25.26,16.33,10.49,9.05,107.73,352.54,27.26,8.72,0.77,32.8,378.44,1.91,874.84,1.27,96.22,0.32,2.66,5.84,2.85,0.22,0.42,3.82,0.73,39.94,74.57,65.35,50.49,7631.41,0
169,Sweet potato and chickpea curry,30,60,35,Indian,,,0,0,0,0,0,0,553.37,7.45,1.04,107.9,92.83,11.97,0,731.02,15.7,2.87,1.35,12.24,312.38,2.61,1272.15,2.51,125.24,0.2,1.55,15.07,2.5,0.3,0.74,4.86,0,18.07,158.7,83.99,21.6,27549.98,0
170,Easy Basic Mixed Vegetable Curry,20,30,20,Indian,,,0,0,0,0,0,0,273.71,19.09,9.65,23.36,18.36,7.81,0,630.85,6.05,2.12,0.33,7.21,184.18,0.66,595.5,0.97,74.7,0.15,1.35,5,1.53,0.18,0.51,2.99,0,21.22,51.82,45.18,23.22,3481.17,0
171,"Cauliflower, egg & potato curry",-1,-1,21,Indian,,,0,0,0,0,0,0,365.92,22.29,16.24,32.96,26.66,8.09,186.5,125.6,12.66,2.6,0.56,21.24,285.08,1.87,1164.04,1.04,76.86,0.37,0.78,6.3,1.74,0.22,0.42,3.32,0.56,21.89,87.26,116.66,72.57,1173.18,1.1
172,Thai Red Prawn Curry,-1,-1,22,Indian,seafood,shrimp,0,0,0,0,1,0,466.02,32.87,28.35,28.59,20.52,14.94,134.17,353.54,23.14,2.88,0.38,9.79,379.88,0.76,1132.14,1.71,116.88,0.1,2.04,8.07,2.56,0.18,0.98,5.36,0,9.01,146,51.21,41.16,330.38,0
173,Curried Cabbage,10,20,18,,,,0,0,0,0,0,0,181.55,10.71,2.94,19.74,12.75,8.27,7.63,80.02,4.25,1.65,0.32,1.86,99.96,0.39,491.86,0.54,38.84,0.13,2.34,6.99,0.91,0.2,0.15,2.11,0,80.52,81.54,75.34,46.62,10005.99,0
174,Roasted Curried Cauliflower,-1,-1,22,,,,0,0,0,0,0,0,130.54,10.21,1.33,9.22,5.79,3.45,0,480.14,3.02,0.78,0.29,1.07,70.24,0.98,465.95,0.3,25.15,0.09,0.29,3.44,0.45,0.08,0.07,0.87,0,23.12,40.12,86.46,71.85,0,0
175,Vegan Thai Peanut Curry,25,20,35,Indian,,,0,0,0,0,0,0,473.93,40.02,23.28,22.22,15.77,10.88,0,781.98,13.32,4.33,0.39,8.3,277.8,0.87,805.58,1.4,101.37,0.17,3.69,6.45,1.83,0.18,0.51,3.62,0,57.16,96.86,83.39,86.1,8475.16,0
176,Lighter South Indian fish curry,20,20,33,Indian,seafood,white fish fillets,0,0,0,0,1,0,368.71,13.12,7.79,33.25,29.72,9.97,62.5,228.88,28.23,40.24,0.42,58.13,272.13,1.03,616.57,0.51,60.99,0.15,1.78,3.53,0.92,0.12,0.24,1.65,1.98,20.69,64.34,421.6,88.16,918.74,3.88
177,Vegan Cauliflower Curry with Chickpeas & Spinach,20,25,50,Indian,,,0,0,0,0,0,0,470.95,31.74,25.35,42.39,29.32,9.1,0,1736.16,14.76,2.64,1.24,5.4,351.9,2.47,1536.45,2.59,156.41,0.27,1.42,13.07,2.48,0.26,0.6,7.63,0,194.74,181.83,275.13,151.66,3182.77,0
178,Super-quick fish curry,5,10,6,Indian,seafood,fish,0,0,0,0,1,0,78.56,1.21,0.3,15.7,12.88,6.93,0.75,385.42,2.82,1.28,0.2,1,44.45,0.33,351.51,0.24,24.01,0.06,1.26,2.82,0.34,0.09,0.2,1.49,0,5.47,54.18,20.21,12.52,912.23,0
179,Simple squash & lime pickle curry,20,45,21,Indian,,,0,0,0,0,0,0,311.93,21.81,18.78,31.14,25.23,9.7,0,193.85,4.29,2.93,0.33,4.3,145.26,0.92,899.48,1.27,94.77,0.04,2.78,5.91,0.91,0.21,0.37,3.24,0,2.12,123.46,67.16,43.03,21901.13,0
180,Sweet Potato Chickpea Coconut Curry,15,20,29,Indian,,,0,0,0,0,0,0,318.8,17.81,12.18,35.56,27.95,6.18,0,458.47,7.81,1.2,0.62,3.17,174.44,0.97,638.1,1.75,83.58,0.09,1.21,7.62,1.29,0.12,0.41,4.78,0,53.06,158.64,62.36,11.17,12071.87,0
181,Clean eating chickpea curry,5,35,94,Indian,,,0,0,0,0,0,0,254.74,9.06,4.64,35.86,24.63,7.51,2.6,730.03,12.77,2.44,1.1,5.31,225.03,0.97,1057.88,2.18,127.35,0.25,3.12,11.22,1.96,0.22,0.59,6.1,0.07,329.47,201.29,187.45,32.7,6597.07,0
182,Stir-fry green curry beef with asparagus & sugar snaps,10,10,25,Indian,beef,steak,0,1,0,0,0,0,344.75,18.32,7.8,13.19,9.72,3.74,76.25,405.46,30.8,10.38,0.99,35.41,331.6,1.28,751.09,0.33,55.7,0.29,2.77,3.47,5.84,0.23,0.3,4.46,1.5,67.26,93.76,80.49,33.2,1613.49,0
183,Madras Beef Curry,-1,-1,9,Indian,,,0,0,0,0,0,0,370.05,23.29,8.8,18.53,15.73,7.75,80.51,505.03,22.13,6.22,0.58,19.58,228.87,0.96,662.62,0.45,47.34,0.23,2.05,2.8,5.2,0.14,0.29,4.01,2.43,12.2,72.98,26.27,13.38,300.47,0
184,Easy potato curry,20,1485,59,Indian,,,0,0,0,0,0,0,228.61,1,0.2,50.43,43.74,6.32,0.44,563.99,6.21,2.92,0.79,1.19,157.26,0.77,1174.68,0.57,64.22,0.1,0.58,6.69,0.88,0.22,0.31,2.3,0,10.4,48.31,50.49,58.28,955.83,0
185,Jamaican Curry Chicken,15,30,61,Indian,chicken,chicken breast,1,0,0,0,0,0,399.03,8.82,1.77,46.24,37.45,6.38,72.57,301.42,36.02,18.34,1.64,38.54,492.7,2.59,1748.84,0.71,104.15,0.35,1.71,8.8,2.2,0.36,0.47,4.06,0.46,29.78,83.68,95.23,79.83,5465.26,0
186,Thai prawn & squash curry,20,40,27,Indian,seafood,shrimp,0,0,0,0,1,0,403.76,25.43,21.9,33.76,27.03,12.24,96.6,449.86,17.49,3.37,0.37,7.88,309.81,1.04,1166.89,1.54,138.93,0.08,2.88,6.74,1.95,0.24,0.7,4.07,0,13.81,165.48,86.98,47.65,21133.06,0
187,Veggie Thai red curry,30,20,40,Indian,,,0,0,0,0,0,0,454.19,27.56,21.86,45.3,34.07,18.44,0,1043.69,15.76,5.32,0.84,13.21,292.97,1.94,1301.15,2.04,116.48,0.39,1.71,11.23,1.96,0.28,0.74,5.72,0,49.69,167.21,119.93,170.9,2273.45,0
188,Creamy shrimp curry,10,20,29,Indian,seafood,shrimp,0,0,0,0,1,0,824.84,38.36,23.35,73.01,68.99,8.13,386.32,1141.45,47.83,34.38,0.2,30.71,559.48,1.02,765.91,0.81,94.8,0.7,1.13,4.02,3.53,0.88,0.84,5.11,0.26,4,244.74,495.32,54.4,1751.61,1.46
189,Trinidadian Chicken Potato Curry,-1,-1,17,Indian,chicken,chicken thighs,1,0,0,0,0,0,544.32,33.76,9.67,25.39,21.4,2.26,188.92,453.04,34.6,10.28,1.1,37.67,392.13,2.34,959.75,0.47,74.28,0.31,1.01,3.99,2.96,0.26,0.28,3.28,1.23,15.22,62.14,34.36,27.38,234.02,0.19
190,Thai Green Curry with Chicken,10,20,20,Indian,chicken,chicken breast,1,0,0,0,0,0,596.62,36.53,22.7,55.3,48.4,9.45,18.08,847.45,16.55,6.89,0.67,24.06,296.03,1.45,818.76,1.85,107.19,0.17,2.37,6.9,2.01,0.21,0.53,3.37,0.1,21.97,80.7,79.64,102.41,3432.68,0
191,Coconut Chickpea Curry with Peanut Butter,15,25,40,Indian,,,0,0,0,0,0,0,421.48,31.82,17.62,29.48,21.83,8.5,0,737.47,10.95,3.43,0.82,2.89,244.16,0.86,784.65,1.84,111.24,0.19,3.23,7.65,1.8,0.15,0.44,5.02,0,68.8,102.94,110.77,76.62,8986.34,0
192,Thai pork & peanut curry,10,30,17,Indian,pork,pork tenderloin,0,0,0,1,0,0,389.48,19.18,9,26.86,24.16,8.01,65,445.84,27.17,9.8,0.93,32.71,349.86,1.46,635.56,0.47,73.39,0.41,1.78,2.7,2.71,1.06,0.21,2.2,0.52,16.09,50,30.53,8.46,2557.76,0.3
193,Beef curry,20,150,16,Indian,beef,steak,0,1,0,0,0,0,519.64,30.88,10.83,30.78,26.51,8.53,86.36,588.7,31.86,8.17,0.77,32.8,259.13,0.34,888.6,0.75,65.11,0.44,2.66,4.27,7.09,0.24,0.36,4.44,2.08,14.62,96.25,26.34,13.89,380.7,0
194,Curried Chickpea Salad,10,10,22,,,,0,0,0,0,0,0,267.03,11.41,1.54,35.29,27.24,11.26,2.93,835.68,10.12,0.64,0.79,4.12,198.44,0.62,471.47,1.67,69.5,0.12,0.38,8.05,1.58,0.1,0.48,2.97,0.08,15.87,110.5,55.16,2.37,229.45,0
195,Coconut fish curry,15,15,18,Indian,seafood,belacan,0,0,0,0,1,0,430.71,24.56,21.23,22.1,18.08,8.42,102.8,213.29,35.06,1.19,0.2,37.13,415.15,0.38,993.01,1.34,73.78,0.04,0.63,4.02,1.76,0.07,0.57,4.3,0,6.9,136.84,31.02,28.33,146.53,0
196,Sweet Potato Coconut Curry,15,20,20,Indian,,,0,0,0,0,0,0,279.87,9.97,5.23,43.43,37.89,10.87,1.32,948.85,4.47,1.99,0.45,2.92,118.11,1,797.14,0.63,52,0.15,1.81,5.54,0.83,0.18,0.29,2.05,0,12.94,63.6,40.52,34.91,13059.6,0
197,Curried Zucchini Soup,15,15,5,,,,0,0,0,0,0,0,84.63,5.05,3.95,10.13,7.69,5.54,0,1213.39,2.3,0.85,0.38,0,69.02,0.28,459.2,0.36,31.85,0.23,0.4,2.44,0.54,0.09,0.1,0.91,0,7.6,37.63,51.38,29.67,780.34,0
198,Quick and Easy Curry Rice,5,30,7,Indian,,,0,0,0,0,0,0,265.05,0.66,0.16,57.52,54.7,3.6,0,1019.97,6.09,1.56,0.19,10.11,107.29,0.68,181.67,0.87,28.03,0.07,0.26,2.82,1.06,0.12,0.2,1.26,0,6.86,33.49,25.36,11.52,525.61,0
199,Kofat Curry/meat Ball Curry,-1,-1,20,Indian,,,0,0,0,0,0,0,302.88,13.16,2.01,7.6,6.05,3.39,109.32,244.32,37.16,17.56,1.34,54.45,399.71,2.54,765.05,0.2,58.74,0.22,1.81,1.55,1.32,0.15,0.1,1.2,0.41,6.82,68.04,19.87,6.6,185.67,0.19
200,Pressure Cooker Thai Sweet Potato and Kale Chickpea Curry,10,15,47,Indian,,,0,0,0,0,0,0,469.44,20.81,14.74,57.77,46.54,6.36,0,556.83,9.85,1.89,0.89,3.33,201.22,1.46,761.74,1.96,92,0.27,1.13,11.23,1.53,0.23,0.4,3.21,0,200.17,213.78,75.18,51.25,21953.44,0
201,Goat curry,25,180,47,Indian,,,0,0,0,0,0,0,353.65,9.33,5.1,52.62,40.43,18.62,19.25,384.64,19.67,9.24,0.66,9.17,467.45,1.4,1397.47,1.24,141.01,0.48,3.17,12.19,2.78,0.45,0.74,6.68,0.12,18.33,364.72,310.97,40.22,757.4,2.28
202,Butternut Squash Curry (Paleo + Whole30),25,20,22,Indian,chicken,chicken breast,1,0,0,0,0,0,266.46,11.74,7.94,14.89,11.35,4.71,72.57,666.69,26.86,13.1,1.07,37.34,309.45,2.01,801.48,0.52,75.89,0.18,1.59,3.53,1.13,0.17,0.18,2.97,0.23,18.7,81.24,44.32,43.39,6154.28,0
203,Curry Chicken Salad,35,0,12,Indian,chicken,shredded chicken,1,0,0,0,0,0,627.76,51.67,9.16,2.31,1.24,0.41,128.52,560.34,36.03,11.15,0.61,36.26,292.97,1.46,386.55,0.17,38.85,0.23,2.51,1.07,2.35,0.1,0.12,2.9,0.47,94.91,38.59,14.57,0,140.05,0
204,The ultimate makeover: Thai green chicken curry,35,20,31,Indian,chicken,chicken breast,1,0,0,0,0,0,620.47,28.13,19.16,66.71,62.22,5.12,54.24,478.47,27.61,11.5,0.95,39.07,404.75,2.3,1023.7,2.04,141.3,0.25,2.45,4.48,2.22,0.26,0.54,7.47,0.18,100.32,139.98,65.79,56.45,855.3,0
205,Coconut Turkey Curry In a Hurry,10,20,18,Indian,other,ground turkey,0,0,0,0,0,1,387.68,25.51,16.88,18.37,16.05,2.76,49.9,1210.64,25.69,10.22,1.05,22.53,340.29,1.22,740.6,1.09,93.64,0.19,2.1,2.32,2.55,0.13,0.33,4.93,0.46,65.95,57.99,67.44,42.72,2082.66,0.36
206,Rajma Masala (North Indian Kidney Bean Curry),15,60,4,Indian,,,0,0,0,0,0,0,169.43,10.11,0.79,17.6,12.77,4.36,0,460.4,4.41,1.09,0.21,1.78,86.88,0.35,442.62,0.38,35.86,0.09,3.06,4.83,0.71,0.09,0.26,2.43,0,14.35,47.07,53.24,10.01,668.46,0
207,Chicken Coconut Curry,-1,-1,37,Indian,chicken,chicken breast,1,0,0,0,0,0,552.28,29.37,15.84,19.04,16.9,5.34,154.77,473.82,52.96,25.42,1.99,75.22,588.81,3.45,1244.42,1.02,120.56,0.32,1.86,2.14,1.91,0.25,0.36,5.49,0.46,57.04,115.21,80.17,20.55,3027.35,0.23
208,Coconut Curry Greens with Runny Eggs,-1,-1,71,Indian,,,0,0,0,0,0,0,472.83,33.46,21.25,30.98,20.67,5.79,279,406.05,22.35,46.94,0.93,28.57,439.25,1.78,2142.37,3.8,296.1,1.08,7.3,10.3,3.48,0.36,0.76,13.5,0.67,1508.22,518.84,1037.59,246.7,31154.07,1.5
209,15-minute prawn curry,5,10,15,Indian,seafood,shrimp,0,0,0,0,1,0,321.62,24.88,20.94,10.85,7.79,6.3,126,954.85,16.97,2.84,0.27,36.34,356.08,0.53,541.12,1.17,86.82,0.07,2.04,3.06,1.78,0.07,0.48,2.76,1.13,127.39,109.2,87.39,13.2,3844.75,0
210,Coconut Curry Chicken + Weekly Menu,10,20,23,Indian,chicken,chicken breast,1,0,0,0,0,0,448.14,30.25,23.55,15.16,10.89,8.97,87.09,596.94,32.19,15.48,1.26,49.83,400.08,2.3,917.86,0.98,85.69,0.19,1.36,4.27,1.63,0.15,0.31,2.84,0.28,6.14,58.22,48.76,69.4,3012.94,0
211,Easy Eggplant Curry,-1,-1,9,Indian,,,0,0,0,0,0,0,69.69,0.77,0.11,15.64,9.24,8,0,399.43,2.76,1.52,0.25,1.27,70.86,0.53,584.56,0.57,38.07,0.08,0.91,6.41,0.51,0.11,0.2,1.15,0,10.91,44.47,47.48,15.15,640.87,0
212,Thai red salmon curry,20,25,95,Indian,seafood,salmon,0,0,0,0,1,0,611.71,39.44,21.43,27.41,20.86,11.63,93.5,445.51,40.43,15.07,1.75,64.01,532.3,4.04,1537.35,1.23,136.89,0.78,1.57,6.55,2.27,0.63,0.84,7.68,5.41,28.97,154.94,123.74,94.37,3708.79,0
213,Lentil Curry,15,25,27,Indian,chicken,chicken breast,1,0,0,0,0,0,430.37,23.91,16.16,33.94,19.11,5.1,24.19,613.92,23.75,8.08,0.62,20.39,391.3,1.64,944.92,1.43,98.03,0.18,0.87,14.84,2.86,0.41,0.52,4.97,0.19,6.53,60.81,207.38,7.32,3561.24,0
214,Slow-Cooked Pepper and Paneer Curry,-1,-1,15,Indian,,,0,0,0,0,0,0,526.24,40.14,17.97,25.65,18.65,13.02,74.84,814.78,19.97,2.54,0.62,1.25,109.99,0.64,861.3,0.56,50.92,0.17,4.91,7.01,0.89,0.18,0.19,2.1,0,29.53,608.55,95.47,186.35,5440.36,0
215,Kabocha Squash Thai Red Curry,15,55,11,Indian,,,0,0,0,0,0,0,346.68,17.1,12.94,43.48,38.47,5.19,7.53,382.5,8.1,1.77,0.52,7.93,174.31,0.77,607.54,1.48,75.14,0.1,0.47,5,1.38,0.1,0.37,3.63,0,40.26,83.09,62.58,13.67,3983.24,0
216,Vegan Curried Pumpkin Lentil Soup,10,40,45,,,,0,0,0,0,0,0,393.64,10.77,7.79,53.18,33.61,8.78,3.12,534.64,20.27,2.13,0.47,10.18,347.92,1.73,905.15,0.98,101.39,0.33,2.21,19.57,2.96,0.49,0.45,5.79,0.35,25.04,146.66,257.77,10.85,19680.72,0
217,Curried Parsnip and Spinach Soup,-1,-1,23,,,,0,0,0,0,0,0,390.98,32.04,15.78,26.03,17.77,8.29,0,1416.07,5.02,1.59,0.24,6.26,154.98,0.7,767.98,1.44,80.56,0.13,4.67,8.26,1.23,0.14,0.35,3.26,0,191.9,94.81,130.4,27.85,6382.33,0
218,"Vegetable Coconut Curry Soup (vegan, paleo)",10,25,20,Indian,,,0,0,0,0,0,0,428.1,38.19,32.67,25.09,20.38,10.77,0,1778.87,4.88,2.17,0.39,1.49,189.16,0.58,727.54,1.54,91.51,0.17,2.34,4.7,1.33,0.13,0.4,6.3,0,30.45,87.62,70.01,83.31,10498.43,0
219,Instant Pot Coconut Curry Chicken,20,15,12,Indian,chicken,chicken breast,1,0,0,0,0,0,357.49,22.48,17.44,14.54,11.02,6.98,72.87,682.81,27.65,13.31,1.03,37.41,336.53,2,877.79,0.94,65.55,0.18,1.77,3.52,1.47,0.15,0.38,3.23,0.23,6.27,49.21,31.3,10.97,290.75,0
220,Curry Crackers,-1,-1,2,Indian,,,0,0,0,0,0,0,267.15,12.22,7.34,34.81,32.57,0.9,30.1,587.04,4.88,2.65,0.06,15.25,60.23,0.2,105.37,0.69,19.17,0.22,1.01,2.24,0.46,0.34,0.1,2.99,0,4.11,26.17,81.4,0,379.69,0.21
221,Chicken Massaman Curry,20,75,57,Thai,chicken,whole chicken,1,0,0,0,0,0,786.67,29.16,10.03,99.38,86,9.19,81.65,1617.21,34.5,13.7,2.1,21.66,548.3,2.76,2623.21,1.3,212.96,0.34,1.13,13.38,3.77,0.56,0.9,6.91,0.42,21.55,135.14,112.2,106.06,9321.63,0.22
222,Thai squash & pineapple curry,10,30,64,Indian,,,0,0,0,0,0,0,177.1,4.26,0.6,35.65,30.17,13.12,0,210.76,3.11,2.66,0.43,1.35,88.13,0.9,852.6,0.79,82.48,0.09,4.3,5.47,0.48,0.26,0.21,2.05,0,18.36,124.17,78.24,52.09,21086.42,0
223,Massaman Curry Paste,10,20,17,Thai,seafood,belacan,0,0,0,0,1,0,24.61,0.33,0.05,4.73,3.77,1.76,10.69,36.86,1.57,0.4,0.18,0,20.54,0,127.06,0.31,11.12,0.03,0.22,0.96,0.18,0.03,0.06,0.76,0,4.28,19.33,8.21,41.93,274.35,0
224,Vegan Thai Pumpkin Curry,25,20,33,Indian,,,0,0,0,0,0,0,489.33,32.48,22.26,47.1,36.59,15.25,0,808.85,8.54,3.5,0.72,7.41,246.05,1.37,1255.7,1.42,98.41,0.17,2.67,10.51,1.48,0.21,0.52,4.9,0,30.6,117.97,94.82,100.45,20442.15,0
225,Curry Chicken Salad,15,10,7,Indian,chicken,chicken breast,1,0,0,0,0,0,140.26,4.67,0.9,12.28,11.01,8.08,32.38,273.46,13.32,5.49,0.47,18.49,175.36,0.88,400.97,0.26,43.02,0.14,0.46,1.27,0.86,0.1,0.24,1.13,0.15,22.93,34.03,16.98,5.23,177,0
226,Instant Pot Chicken Coconut Curry,15,15,9,Indian,chicken,chicken breast,1,0,0,0,0,0,321.87,21.72,15.66,15.29,11.48,5.09,48.38,165.81,19.32,8.95,0.73,30.86,266.14,1.35,672.01,0.98,63.07,0.12,1.76,3.8,1.25,0.1,0.3,2.7,0.15,6.14,46.48,26.88,8.17,547.43,0
227,Easy Jackfruit Curry,10,15,10,Indian,,,0,0,0,0,0,0,419.82,26.17,20.02,48.44,44.44,4.91,0,773.5,4.5,2.07,0.27,0.84,136.68,0.4,526.77,1.13,76.43,0.09,1.45,4.01,1,0.11,0.35,5.64,0,5.84,139.09,56.64,44.75,1373.86,0
228,Egg curry,10,20,27,Indian,,,0,0,0,0,0,0,231.85,10.87,5.48,21.14,14.75,9.04,245.52,215.41,14.08,1.85,0.54,22.37,247.26,1.45,1035.01,1.16,112.3,0.59,3.33,6.39,1.74,0.22,0.31,5.53,0.59,463.12,199.24,251.47,60.54,11956.5,1.32
229,Simple Red Lentil Curry,5,35,22,Indian,,,0,0,0,0,0,0,355.74,14.22,11.31,46.13,28.37,10.07,0,1824.56,15.31,2.73,0.49,5.46,294.63,1.38,887.37,1.19,100.64,0.17,1.77,17.76,2.88,0.52,0.52,6.44,0,12.11,88.59,255.66,14.41,734.37,0
230,Thai Butternut Squash Red Curry,10,20,30,Indian,,,0,0,0,0,0,0,340.58,23.9,20.52,32.46,26.74,8.62,0.71,353.28,5.14,2.73,0.32,8.06,156.5,0.83,858.75,1.38,101.98,0.09,2.62,5.72,1.05,0.19,0.39,3.36,0,89.19,115.15,90.01,37.07,17105.03,0
231,Curry Braised Chicken Legs,10,45,9,Indian,chicken,chicken leg,1,0,0,0,0,0,495,40.82,22.18,10.08,6.94,4.95,131.4,608.82,24.3,7.33,0.55,28.44,300.94,1.51,678.05,1,64.9,0.26,1.22,3.14,2.66,0.17,0.33,3.08,0.75,10.13,49.75,30.24,12.97,966.98,0.2
232,Home-style pork curry with cauliflower rice,15,60,58,Indian,pork,pork tenderloin,0,0,0,1,0,0,293.08,7.58,1.37,29.71,18.59,12.23,69.06,409.68,30.12,10,1.44,35.74,432.99,2.57,1544.46,0.92,105.67,0.57,3.26,11.12,3.33,1.32,0.49,5.02,0.54,40.64,112.79,156.29,84.48,344.76,0.21
233,Thai Green Chicken Curry,-1,-1,21,Indian,chicken,chicken breast,1,0,0,0,0,0,331.96,17.22,10.62,16.64,13.95,5.31,73.52,458.76,29.41,13.83,1.05,38.46,358.21,2.34,816.24,0.6,81.46,0.24,1.36,2.68,1.41,0.2,0.23,3.37,0.24,44.85,58.43,56.45,51.1,1886.23,0
234,Sweet & hot vegetable curry,10,25,100,Indian,,,0,0,0,0,0,0,156.03,4.85,0.77,24.15,17.02,8.7,0,258.92,7.51,1.97,0.69,2.7,149.04,1.01,963.01,1.23,86.71,0.24,3.31,7.13,1.28,0.13,0.41,3.87,0,214.33,111.03,149.95,56.63,5588.42,0
235,Curried broccoli & boiled eggs on toast,10,15,15,,,,0,0,0,0,0,0,148.68,8.66,1.98,10.11,6.89,3.37,164.98,105.91,9.16,0.73,0.27,16.29,166.79,1.31,423.81,0.27,29.44,0.34,1.92,3.22,1.09,0.1,0.1,1.78,0.43,105.95,85.5,87.44,90.16,870.5,0.89
236,Thai Beef and Potato Curry,5,35,12,Indian,beef,beef chuck roast,0,1,0,0,0,0,491.54,37.28,26.54,22.52,20.56,7.28,58.68,497.14,21.68,5.95,0.61,18.74,321.68,0.97,847.84,1.07,98.6,0.16,0.17,1.96,7.3,0.17,0.4,6.37,2.35,2.44,68.5,42.81,6.61,1567.29,0
237,Peanut Butter Pumpkin Curry,5,25,29,Indian,chicken,chicken breast,1,0,0,0,0,0,462.67,30.18,16.57,27.47,18.7,8.55,48.21,359.9,25.24,10.59,1.19,30.83,365.22,1.98,895.5,1.6,107.07,0.19,2.61,8.77,1.95,0.16,0.46,3.85,0.15,13.63,81.62,72.33,58.96,13087.68,0
238,Curried baked chicken thighs with potatoes,10,35,8,,chicken,chicken thighs,1,0,0,0,0,0,438.5,28.99,6.87,18.84,16.3,2.58,141.61,897.04,25.59,7.63,0.79,27.77,287.43,1.75,697.02,0.3,52.47,0.23,1.27,2.54,2.17,0.19,0.19,2.14,0.92,8.29,38.38,22.55,20.49,190.84,0
239,Curried aubergine with bavette,10,25,18,,beef,steak,0,1,0,0,0,0,517.33,30.72,15.85,41.68,30.91,11.38,51.13,220.52,24.49,6.47,0.65,20.27,306.88,1.03,1055.21,1.54,115.06,0.47,4.08,10.77,5.38,0.29,0.6,4.46,1.25,11.62,113.82,75.64,8.42,140.49,0
240,One-pan prawn & tomato curry,10,20,20,Indian,seafood,shrimp,0,0,0,0,1,0,260.67,8.55,0.92,24.19,20.66,7.22,161,257.22,23.9,1.67,0.3,4.29,288.99,0.48,706.88,0.55,72.48,0.09,4.25,3.54,1.97,0.12,0.65,2.9,0,10.21,130.45,24.39,22.81,290.7,0
241,Thai Chicken and Potato Curry,-1,-1,65,Indian,chicken,chicken breast,1,0,0,0,0,0,565.92,31.67,22.41,39.57,31.22,8.69,80,306.85,35.43,16.46,1.85,47.84,533.79,2.63,1927.65,1.53,146.72,0.33,1.22,8.35,2.28,0.32,0.52,5.21,0.25,102.13,277.74,188.98,131.08,10621.97,0
242,AIP Salmon Curry (Nightshade-Free),20,30,100,Indian,seafood,salmon fillets,0,0,0,0,1,0,493.27,32.98,21.77,24.74,17.81,5.78,62.37,601.95,31.11,11.48,1.48,47.43,499.68,3.16,1596.14,1.57,147.25,0.72,1.57,6.94,2.62,0.48,0.86,6.92,3.61,165.33,184.84,167.07,153.4,7161.96,0
243,Easy Weeknight Kidney Bean Curry (Junjaro),-1,-1,10,Indian,,,0,0,0,0,0,0,172.85,7.54,0.76,21.91,15.67,4.26,0,831.6,6.01,0.68,0.16,1.58,103.6,0.2,395.2,0.55,36.09,0.06,2.43,6.24,0.79,0.12,0.2,2.34,0,6.16,42.51,82.31,7.27,128.8,0
244,Vegan chickpea curry jacket potatoes,15,45,23,Indian,,,0,0,0,0,0,0,261.3,4.45,3.13,52.42,43.81,12.07,0,166.51,4.57,1.39,0.55,1.96,127.53,1.87,859.64,0.72,66.64,0.16,0.65,8.61,0.85,0.2,0.38,2.42,0,4.39,101.46,33.36,11.15,33256.02,0
245,Japanese Curry Puffs,-1,-1,20,,,,0,0,0,0,0,0,814.44,50.4,12.13,80.03,74.32,4.69,0,347.26,11.75,6.63,0.42,30.14,155.31,0.45,683.24,0.85,53.12,0.41,1.54,5.7,1.11,0.61,0.31,4.14,0,29.3,49.23,124.94,25.24,6288.34,0
246,Warming veggie curry,10,10,74,Indian,,,0,0,0,0,0,0,401.53,9.62,4.48,64.65,59.9,5.81,0.62,80.54,18.05,3.33,0.33,1.08,228.85,0.82,1425.78,0.58,210.63,0.11,4.14,4.76,0.45,0.52,0.76,7.69,0,2.36,234.12,58.73,43.33,20522.43,0
247,Aubergine & Lentil Curry,-1,-1,100,Indian,,,0,0,0,0,0,0,334,12.33,1.96,44.96,24.16,14,0.44,234.76,14.68,3.27,0.56,4.19,268.31,1.59,1299.29,1.4,111.31,0.24,3.44,20.8,2.51,0.49,0.48,4.61,0,144.97,102.07,298.73,30.08,4536.48,0
248,Karepan (Japanese Curry Grilled Cheese),5,10,11,,,,0,0,0,0,0,0,556.36,37.46,20.28,34.14,29.61,7.69,86.6,726.12,20.25,3.2,0.11,32.29,336.07,0.72,146.57,0.68,40.65,0.4,0.87,4.53,2.69,0.25,0.11,3.67,0.62,5.09,556.42,60.44,5.33,10232.76,0.34
249,"Spicy Coconut Curry With Peppers, Pak Choi and Tomatoes",-1,-1,39,Indian,,,0,0,0,0,0,0,496.68,45.14,39.15,24.31,18.18,10.24,0,346.31,7.57,2.46,0.55,0.76,226.34,0.58,993.01,1.94,73.65,0.12,0.76,6.13,1.63,0.16,0.6,4.16,0,59.26,147.58,120.75,132.91,5966.69,0
250,Spinach & chickpea curry,5,15,97,Indian,,,0,0,0,0,0,0,95.62,1.03,0.32,19.1,16.09,4.58,0,62.26,4.03,1.21,0.26,3.02,80.97,0.33,625.44,0.83,64.47,0.15,1.85,3.02,0.65,0.11,0.19,2.74,0,304.82,93.39,142.01,44.49,7531.79,0
251,Home-style lamb curry,15,110,26,Indian,lamb,leg of lamb,0,0,1,0,0,0,288.17,13.19,2.54,16.81,12.44,7.45,75.63,211.51,27.37,8.94,0.53,29.61,297.96,1.24,824.79,0.62,71.38,0.39,2.88,4.37,5.11,0.29,0.41,4.73,3.19,15.91,90.58,54.41,32.36,347.61,0
252,Spicy Easy Quick Curry,-1,-1,14,Indian,pork,pork tenderloin,0,0,0,1,0,0,296.17,11.4,2.19,30.54,26.92,4.36,43.63,861.8,19.19,7.48,0.7,25.5,232.79,1.32,675.78,0.2,39.35,0.49,2.88,3.62,1.79,0.77,0.3,2.84,0.38,8.7,48.05,19.84,5.28,2213.18,0.28
253,Vegan Coleslaw with Creamy Curry Dressing,15,0,18,Indian,,,0,0,0,0,0,0,149.69,5.51,1.11,22.56,20.05,14.47,0.83,28.23,4.79,0.53,0.16,3.32,112.65,0.36,329.72,0.37,46.6,0.19,0.29,2.52,0.94,0.07,0.32,1.36,0.12,60.92,67.07,39.54,22.38,188.6,0
254,Vegan Thai Sweet Potato Curry,10,45,23,Indian,,,0,0,0,0,0,0,520.33,18.92,8.57,77.25,68.75,13.42,0,1707.95,13.83,6.22,0.64,12.42,243.59,2.04,958.46,1.6,111.66,0.17,3.14,8.51,1.92,0.31,0.64,3.34,0,9.55,123.42,67.04,18,18187.25,0
255,"Thai prawn, potato & vegetable curry",15,30,37,Indian,seafood,shrimp,0,0,0,0,1,0,183.39,3.51,0.78,19.11,14.98,4.78,121.89,513.8,19.81,2.31,0.37,2.14,250.49,0.31,712.2,0.43,73.57,0.14,1.06,4.12,1.76,0.16,0.46,2.19,0,78.94,94.53,72.55,67.07,3541.94,0
256,Fruity Caribbean curry,10,50,22,Caribbean,chicken,chicken drumsticks,1,0,0,0,0,0,498.23,28.59,21.87,50.5,39.15,19.79,27.14,485.87,15.91,3.67,0.61,16.35,322.63,0.92,1018.28,2.21,113.97,0.2,2.46,11.35,2.52,0.3,0.63,5.31,0.16,18.41,108.62,87.68,72.95,304.94,0
257,30 Minute Chicken Curry,10,20,21,Indian,chicken,chicken breast,1,0,0,0,0,0,287.66,11.43,1.62,19.58,15.63,6.52,74.57,322.53,27.71,13.24,1.1,39.55,316.57,2.07,840.67,0.69,67.32,0.21,3.05,3.95,1.36,0.18,0.27,2.84,0.28,12.12,93.38,27.6,13.57,413.75,0
258,Curry Spice,5,10,88,Indian,,,0,0,0,0,0,0,140.93,6.58,0.73,23.69,12.74,0.78,0,62.67,5.41,1.86,0.25,7.59,156.78,0,678.25,2.83,121.15,0.13,1.4,10.95,1.86,0.13,0.35,14.89,0,4.02,251.11,5.8,6.49,765.48,0
259,Eggplant Green Curry,10,20,25,Indian,,,0,0,0,0,0,0,337.53,25.32,21.55,28.24,17.09,18.25,0,380.76,6.62,2.9,0.48,7.76,186.45,1.02,969.22,1.7,87.69,0.14,1.81,11.15,1.62,0.16,0.56,3.07,0,17.37,66.53,88.9,63.92,2656.06,0
260,Vegan Chickpea Curry (Jamaican Style),15,30,93,Indian,,,0,0,0,0,0,0,426.7,10,3.6,68.07,48.66,13.68,0,440.26,20.2,1.89,0.64,8.88,391.83,1.68,1027.23,2.4,128.11,0.24,1.63,19.41,3.65,0.51,0.89,7.27,0,14.93,132.04,570.86,11.04,3317.4,0
261,"Prawn, butternut & mango curry",-1,-1,44,Indian,seafood,shrimp,0,0,0,0,1,0,483.95,13.34,5.13,68.08,60.4,14.05,140.88,1021.92,26.7,3.61,0.69,9.48,369.21,1.08,1598.48,2.09,202.59,0.32,5.42,7.68,2.76,0.29,0.8,6.82,0,517.89,283.13,271.62,104.16,20960.32,0
262,Chickpea curry,15,25,15,Indian,,,0,0,0,0,0,0,321.22,25.81,15.97,23.06,18.67,6.32,0,172.48,5.66,1.98,0.43,2.71,141.81,0.62,761.54,1.42,86.53,0.16,3.27,4.39,1.3,0.16,0.52,5.43,0,133.6,124.56,72.12,24.68,2658.66,0
263,Indian Roasted Chickpea and Sweet Potato Curry,-1,-1,32,Indian,,,0,0,0,0,0,0,432.69,25.38,14.92,45.16,34.76,6.68,0,457.19,11.3,1.61,0.99,5.25,262.42,1.3,872.44,2.25,109.47,0.1,1.74,10.4,1.91,0.18,0.59,6.14,0,5.11,125.81,68.8,22.05,11156.2,0
264,Next level chicken katsu curry,20,45,39,Indian,chicken,chicken breast,1,0,0,0,0,0,668.28,24.55,10.64,70.86,64.15,18.15,193.54,1376.56,41.51,16.91,1.32,65.16,549.36,2.99,1067.39,1.02,97.43,0.74,3.05,6.7,2.67,0.8,0.3,5.64,1.14,65.85,290.95,150.07,46.35,3860.52,1.69
265,Turmeric Cauliflower Curry,15,20,76,Indian,,,0,0,0,0,0,0,219.55,6.81,1.75,35.27,27.66,8.97,5.31,268.62,8.17,2.57,0.68,2.82,200.43,1.48,1077.87,0.56,64.21,0.22,1.16,7.61,1.32,0.25,0.27,2.33,0.15,34.06,115.14,120.89,118.84,489.88,0
266,Cauliflower & potato curry,15,40,49,Indian,,,0,0,0,0,0,0,189.85,1.55,0.41,40.39,32.57,9,0.62,218.64,7.25,2.69,0.76,2.18,162.78,1.51,1148.17,0.64,66.59,0.17,1.01,7.83,1.01,0.23,0.31,2.91,0,31.17,90.05,116.04,102.29,204.08,0
267,Dairy-Free Chutney Chicken Curry,5,0,8,Indian,chicken,chicken breast,1,0,0,0,0,0,354.79,13.83,7.27,32.39,30.7,21.67,72.57,296.04,25.22,12.13,0.9,39.47,283.94,1.69,562.05,0.41,46.69,0.15,1.26,1.69,0.96,0.09,0.17,1.6,0.23,4.48,29.5,16.39,6.58,0,0
268,Curry roasted sweet potatoes,10,45,5,Indian,,,0,0,0,0,0,0,264.59,7.33,0.58,46.88,39.41,9.48,0,1288.14,3.84,1.3,0.48,1.4,108.11,1.81,778.55,0.74,57.98,0.14,1.84,7.47,0.72,0.18,0.35,1.67,0,9.34,76.04,25.11,5.59,32064.54,0
269,"Curried Chicken, Chickpea & Arugula Wraps",15,30,19,,chicken,chicken breast,1,0,0,0,0,0,398.65,23.09,3.76,30.3,25.61,9.18,42.17,487.6,18.63,7.99,0.68,26.28,269.1,1.22,524.1,0.68,67.31,0.3,4.29,4.68,1.17,0.25,0.23,2.68,0.13,46.75,108.62,71.48,42.1,1311.18,0
270,Jamaican Goat Curry,30,180,27,Indian,,,0,0,0,0,0,0,259.55,8.85,5.41,37.76,31.96,12.17,18.71,195.96,10.4,2.55,0.62,4.52,302.26,1.06,1106.81,0.67,79.82,0.32,1.88,5.8,1.31,0.24,0.38,3.73,0.12,16.19,309.1,40.39,34.08,529.43,2.21
271,Potato and Broccoli Curry,20,20,69,Indian,,,0,0,0,0,0,0,416.65,15.34,1.5,61.7,47.5,10.71,0,864.2,16.87,4.61,0.98,13.22,386.43,2.48,1698.92,1.7,156.41,0.63,8.75,14.2,2.57,0.39,0.61,5.01,0,319.48,243.4,223.93,294.63,2357.76,0
272,Clean Eating Vegetable Curry,10,40,43,Indian,,,0,0,0,0,0,0,263.07,5.13,3.49,49.58,40.77,19.18,0,199.5,8.36,2.61,0.57,3.45,187.11,0.91,981.33,1.04,72.77,0.17,1.86,8.81,1.38,0.21,0.5,4.26,0,17.88,98.72,122.68,43.27,1581.1,0
273,Mapo Curry Tofu (麻婆カレー豆腐️),10,7,5,Indian,beef,ground chuck,0,0,0,0,0,1,229.45,13.83,3.67,13.14,11.17,3.82,25.16,661.47,13.08,2.33,0.24,6.72,163.75,0.27,453.21,0.39,59.32,0.15,0.98,1.97,2.33,0.15,0.33,2.9,0.79,24.58,78.65,20.35,2.94,128.19,0
274,Aromatic prawn & cashew curry,30,70,20,Indian,seafood,shrimp,0,0,0,0,1,0,517.88,31,9.28,31.11,26.19,12.39,190.93,523.6,33.91,3.36,0.46,12.25,555.45,0.85,1054.9,0.95,180.22,0.26,3.29,4.92,4.28,0.31,1.49,4.8,0.17,22.77,186.28,36.99,17.04,545.49,0.24
275,South-Indian Green curry,-1,-1,29,Indian,chicken,chicken pieces,1,0,0,0,0,0,450.67,26.44,7.49,18.74,14.65,5.11,127.5,187.72,35.07,12.75,1.11,27.09,329.25,1.93,806.93,1.06,74.83,0.33,1.23,4.09,2.9,0.21,0.31,3.97,0.53,50.99,116.58,54.89,83.41,2060.9,0.34
276,Kombocha Squash Thai Red Curry,15,55,14,Indian,,,0,0,0,0,0,0,358.46,17.09,12.94,46.68,41.14,5.46,7.53,382.98,8.25,2.32,0.54,8.05,184.07,0.95,650.94,1.53,90.82,0.08,1.41,5.53,1.36,0.15,0.38,3.78,0,40.39,100.45,67.56,21.23,10631.38,0
277,Vegan Panang Tofu Curry + Weekly Menu,10,30,47,Indian,,,0,0,0,0,0,0,654.65,35.55,23.25,71.54,61.42,14.62,0,760.05,19.15,5.98,0.74,8.25,439.88,1.46,1162.65,3.05,181.93,0.18,2.34,10.12,3.02,0.39,0.77,5.21,0,39.33,133.52,81.85,76.13,7450.95,0
278,Indian Butternut Squash Curry,15,30,26,Indian,,,0,0,0,0,0,0,309.15,19.2,11.29,29.42,24.38,4.6,0,203.23,5.4,3.47,0.41,5.73,125.76,0.87,740.54,0.8,84.06,0.07,2.82,5.04,0.74,0.25,0.25,2.94,0,13.21,120.23,75.11,33.73,15163.86,0
279,Red pork curry with green beans,-1,-1,34,Indian,pork,pork tenderloin,0,0,0,1,0,0,539.9,29.31,23.12,40.18,34.06,24.99,81.25,1103.35,32.68,10.65,1.93,46.15,573.49,1.43,2748.72,1.11,114.81,0.68,1.23,6.12,6.94,1.36,1.09,5.54,0.69,29.15,83.08,67.33,23.98,1483.76,0.38
280,Coconut Curry Chicken Soup,0,40,5,Indian,chicken,chicken breast,1,0,0,0,0,0,217.19,11.26,8.14,22.34,18.39,11.64,29.3,872.56,9.7,4.37,0.37,10.9,142.34,0.65,480.41,0.58,42.53,0.21,0.71,3.95,0.86,0.13,0.21,2.1,0.1,17.53,45.15,23.16,9.96,2905.81,0
281,Sweet potato and lentil curry recipe,5,25,46,Indian,,,0,0,0,0,0,0,485.9,17.42,14.26,66.54,41.72,10.58,0,1081.65,19.59,2.82,0.63,9.16,392.45,2.16,1150.64,1.82,125.64,0.21,1.22,24.82,3.8,0.67,0.6,6.99,0,10.16,92.84,336.23,10.21,15247.67,0
282,Moroccan style sausages curry,-1,-1,31,Indian,pork,pork sausage,0,0,0,1,0,0,1161.76,97.7,30.9,15.33,11.22,6.91,244.08,2317.6,53.32,28.67,1.35,0.93,518.1,2.64,1251.5,0.31,72.89,0.51,3.18,4.11,7.82,1.03,0.31,5.32,2.88,17.3,88.9,161.26,78.34,11964.37,4.41
283,Yellow lentil & coconut curry with cauliflower,15,50,47,Indian,,,0,0,0,0,0,0,283.38,4.22,2.78,47.22,27.53,9.21,0,1539.23,16.52,2.11,0.6,6.07,307.34,2.11,981.1,1.06,89.82,0.21,0.39,19.69,2.92,0.53,0.36,4.88,0,24.93,85.67,327.24,75.08,2585.45,0
284,Easy Shrimp Panang Curry,10,0,100,Indian,seafood,shrimp,0,0,0,0,1,0,517.31,19.71,7.89,69.38,38.08,8.54,182.57,185.68,35.87,4.3,1.37,16.55,592.27,0.53,1921.87,3.98,276.15,0.35,20.55,31.29,5.43,0.3,1.2,26.41,0,90.69,498.76,190.78,161.38,4397.12,0
285,Thai Coconut Curry With Shrimp,15,15,17,Indian,seafood,shrimp,0,0,0,0,1,0,309.95,17.49,11.9,14.45,12.42,7.16,182.57,1741.45,27.71,2.45,0.29,2.98,348.92,0.37,690.51,1.08,122.9,0.07,1.31,2.03,2.29,0.06,0.66,3.51,0.09,12.77,124.8,48.6,73.45,2286.06,0
286,Easy Chickpea and Cauliflower Curry,5,25,7,Indian,,,0,0,0,0,0,0,115.16,5.96,1.84,13.86,8.98,4.21,0,635.97,4.23,1.09,0.35,2.04,98.09,0.77,465.82,0.55,37.23,0.1,1.38,4.88,0.78,0.13,0.14,2,0,25.81,55.76,81.5,58.69,172.21,0
287,Instant Pot Sweet Potato Curry (Meal Prep),5,16,28,Indian,,,0,0,0,0,0,0,479.14,25.31,18.74,58.05,46.09,13.02,0,1156.03,9.77,1.89,0.88,8.55,253.24,1.9,1063.15,2.12,111.94,0.15,1.25,11.96,1.82,0.21,0.66,4.13,0,63.27,126.83,82.29,12.87,28034.57,0
288,30-Minute Thai Red Curry with Fish,10,20,62,Indian,seafood,cod fillets,0,0,0,0,1,0,404.17,25.08,20.76,21.56,14.96,7.58,49.94,1128.28,29.51,5.01,0.85,42.82,481.55,1.45,1515.24,1.43,149.12,0.4,2.59,6.61,2.39,0.29,0.47,5.83,1.09,161.38,149.52,146.11,149.62,8295.36,1.02
289,Thai Massaman Curry,-1,-1,19,Thai,lamb,lamb,0,0,1,0,1,0,636.85,51.23,16.2,25.74,22.06,5.69,75.9,417.1,21.02,7.87,0.66,20.6,277.54,1.13,959.83,1.12,80.02,0.29,4.51,3.68,4.23,0.25,0.38,4.44,2.33,33,67.38,59.19,76.7,510.52,0
290,Clean Eating Curry Chicken,15,600,11,Indian,chicken,chicken breast,1,0,0,0,0,0,181.33,3.43,0.75,11.65,10.49,1.66,73.25,168.38,25.47,12.42,0.96,37.65,264.82,1.68,587.24,0.23,38.13,0.16,0.39,1.16,0.82,0.11,0.1,1.13,0.23,0,23.86,9.19,6.02,227.81,0
291,Lamb vindaloo,30,60,22,Indian,lamb,lamb,0,0,1,0,0,0,708.9,58.41,14.94,23.25,19.35,5.03,91.25,327.54,24.01,8.64,0.54,25.6,281.46,1.11,840.77,0.81,77.49,0.36,5.39,3.89,4.91,0.27,0.31,4.63,2.89,61.62,99.24,55.7,46.5,377.92,0
292,Sri Lankan Vegetable Curry,25,20,60,Indian,,,0,0,0,0,0,0,819.83,52.02,23.43,82.29,65.39,20.81,0,754.98,17.77,15.52,1.14,20.78,524.64,3.27,1878.64,3.09,243.01,0.35,5.05,16.9,4.15,0.5,1.45,7.8,0,96.37,203.76,295.64,128.15,25039.24,0
293,Vegetable Shrimp Curry with Herbed Cauliflower Rice,10,20,20,Indian,seafood,fish,0,0,0,0,1,0,176.02,11.46,7.64,15.59,11.99,5.95,5.14,809.79,5.99,2.14,0.3,5.37,113.59,0.48,533.46,0.8,55.61,0.11,1.63,3.6,0.81,0.14,0.28,3.25,0.15,64.46,63.92,64.24,47.52,1946.42,0.29
294,Potato and pea curry,30,60,24,Indian,,,0,0,0,0,0,0,282.48,7.78,1.2,46.85,37.02,9.39,0,320.46,8.88,4.02,0.75,2.34,214.51,0.7,1178.43,0.77,80.75,0.19,1.44,9.83,1.71,0.39,0.4,3.49,0,42.81,68.66,95.26,78.3,1571.95,0
295,Thai Chicken Coconut Curry,15,15,32,Indian,chicken,chicken breast,1,0,0,0,0,0,504.31,33.36,20.61,13,10.28,6.2,108.86,622.64,40.5,19.25,1.64,55.64,507.61,2.93,1230.09,1.07,121.34,0.3,1.94,2.72,2.01,0.21,0.34,4.86,0.36,10.41,78.88,65.44,64.02,3544.24,0.17
296,Grilled Thai Curry Cilantro Garlic Chicken,-1,-1,1,Thai,chicken,chicken bones,1,0,0,0,0,0,153.44,14.4,12.69,5.92,4.23,2.72,0,1423.18,2.65,0.94,0.15,6.04,70.29,0.16,244.07,0.73,56.93,0.02,0.22,1.69,0.52,0.03,0.19,1.47,0.09,1.69,28.67,19.93,3.19,0,0
297,Masala meatball curry,20,35,27,Indian,lamb,ground lamb,0,0,1,0,0,0,389.12,25.43,10.78,17.13,13.54,7.35,113.92,398.28,23.36,7.87,0.47,24.93,248.28,1.22,775.41,0.56,70.67,0.4,2.17,3.59,4.12,0.27,0.37,4.26,2.41,131.45,112.87,101.65,36.03,3327.94,0.32
298,Curried Ground Turkey with Potatoes,20,40,27,,other,ground turkey,0,0,0,0,0,1,256.93,3,0.66,27.06,21.4,5.39,62.37,121.77,31.78,13.12,1.43,26.59,375,1.4,982.28,0.48,79.53,0.23,0.47,5.66,2.93,0.28,0.29,3.02,0.58,21.06,48.03,60.42,55.06,814.69,0.45
299,Egg Curry,-1,-1,5,Indian,,,0,0,0,0,0,0,149.49,10.18,1.87,9.52,6.69,5.23,111.77,164.47,6.32,0.83,0.23,9.87,124.61,0.67,345.46,0.24,29.94,0.24,2.67,2.83,0.84,0.07,0.13,1.39,0.34,11.65,67.52,33.41,34.29,1225.09,0.61
300,Plant-Based Caribbean Curry (for your Slow Cooker),20,265,73,Caribbean,,,0,0,0,0,0,0,263.15,5.6,0.77,43.62,30.82,5.95,0,296.4,11.94,1.41,0.7,4.43,241.43,1.36,680.06,1.45,96.52,0.14,1.33,12.8,1.98,0.25,0.41,3.32,0,82.16,116.97,131.38,11.99,13576.04,0
301,Nightshade-Free AIP Green Curry with Salmon,15,20,63,Indian,seafood,salmon,0,0,0,0,1,0,502.72,42.28,33.11,12.65,10.73,3.21,49.9,93.64,23.77,8.82,0.94,33.28,377.46,1.94,1066.11,1.57,122.93,0.43,0.34,1.92,1.82,0.29,0.69,7.27,2.88,44.89,99.57,70.86,44.99,6035.42,0
302,Fried fish & tomato curry,10,25,54,Indian,seafood,cod fillets,0,0,0,0,1,0,388.23,12.62,9.51,41.74,34.52,14.21,53.75,96.38,29.42,6.02,0.74,50.24,429.94,0.85,1619.05,1.15,108.14,0.23,2.89,7.22,1.81,0.37,0.44,3.24,1.14,32.34,102.78,102.91,58.6,4922.85,1.13
303,Lamb Curry,60,120,58,Indian,lamb,lamb stew meat,0,0,1,0,0,0,672.6,15.07,6.43,93.25,85.8,13.73,112.88,976.14,40.74,12.48,0.9,46.77,492.84,2.2,1334.41,1.32,109.76,0.54,1.03,7.45,7.74,0.41,0.59,6.26,4.13,10.37,107.1,81.59,32.77,73.67,0
304,Vegan Thai Red Curry,15,20,18,Indian,,,0,0,0,0,0,0,179.31,11.68,10.31,15.68,11.98,6.17,0,277.65,3,1.02,0.37,1.03,69.27,0.69,453.81,0.32,25.12,0.12,0.88,3.71,0.63,0.09,0.11,0.94,0,17.28,48.42,64.66,78.82,5305.86,0
305,Katsu curry wrap,0,10,6,Indian,chicken,whole chicken,1,0,0,0,0,0,242.48,9.81,2.98,26.21,22.1,4.23,36,269.33,12.14,5.03,0.24,14.73,176.74,0.86,362.6,0.51,34.33,0.17,1.08,4.11,1.16,0.24,0.13,1.89,0.15,16.94,71.58,72.96,11.39,67.2,0
306,Thai green chicken curry,25,30,16,Indian,chicken,chicken thighs,1,0,0,0,0,0,272.57,9.19,2.51,5.83,5.36,3.01,190,537.96,39.1,11.34,0.91,45.65,380.09,2.41,537.77,0.27,57.77,0.36,0.38,0.46,3.15,0.18,0.13,2.32,1.3,14.1,41.81,15.06,1.43,1926.18,0
307,Brinjal Curry (Indian Eggplant),30,75,32,Indian,,,0,0,0,0,0,0,277.82,15.48,9.62,33.1,22.74,15.02,0,834.65,6.49,171.67,0.25,6.16,106.76,0.65,626.64,0.87,59.86,0.12,0.82,10.36,0.76,0.15,0.29,1.89,0,8.85,114.91,1786.14,304.97,979.62,0
308,Turkey curry,5,15,19,Indian,other,whole turkey,0,0,0,0,0,1,279.49,8.13,1.57,37.15,31.89,12.98,38.96,255.58,16.26,6.3,0.82,12.84,194.42,1.02,859.72,0.43,59.8,0.21,2.88,5.26,1.57,0.2,0.36,2.9,0.65,12.69,83.71,40.66,54.06,1553.15,0.16
309,Vegan Coconut Curry Lentil Soup,15,0,31,Indian,,,0,0,0,0,0,0,251.56,9.18,7,31.75,19.81,5.73,0,949.74,13.23,3.64,0.33,3.15,238.87,0.88,659.12,0.77,62.17,0.16,0.89,11.95,2.02,0.32,0.34,4.48,0.16,12.04,69.29,175.33,31.53,4592.71,0
310,Vegan Curry Chickpea Salad Collard Wraps,30,0,47,Indian,,,0,0,0,0,0,0,272.28,12.5,1.9,34.64,26.72,10.54,0,690.47,9.76,1.34,0.67,7.63,241.78,0.6,435.26,1.24,74.87,0.12,0.84,7.92,1.95,0.27,0.58,2.89,0,63.48,105.21,70.63,14.29,3559.57,0
311,Curried Egg Tartines,-1,-1,9,,,,0,0,0,0,0,0,506.3,41.51,8.01,17.21,15.7,1.86,383.76,1132.34,16.09,0.42,0.26,32.87,223.28,1.69,257.59,0.19,24.63,0.5,4.06,1.51,1.53,0.07,0.12,2.57,0.92,97.55,84.29,70.47,30.06,1558.3,2.06
312,"Tofu, butternut & mango curry",10,25,57,Indian,,,0,0,0,0,0,0,459.91,15.89,5.35,66.92,57.17,14.96,0,616.72,18.02,5.46,0.74,4.18,298.89,1.11,1445.03,2.09,215.29,0.4,5.65,9.75,3.35,0.31,0.56,7.03,0,518.46,301.17,301.46,103.86,20960.37,0
313,Beef & beetroot curry,30,170,32,Indian,,,0,0,0,0,0,0,819.41,58.32,20.02,26.45,20.38,16.33,177.58,637.88,47.01,11.6,1.07,41.04,492.29,1.59,1415.16,1.4,115.18,0.47,4.32,6.07,11.37,0.2,0.37,8.49,5.36,9.46,136.76,164.37,23.14,231.22,0.25
314,Pork & chickpea curry,20,135,42,Indian,pork,pork shoulder,0,0,0,1,0,0,245.35,9.45,3.1,13.94,10.93,6.94,78.34,245.9,25.79,6.87,0.75,35.88,293.55,1.25,771.02,0.39,51.68,0.48,1.28,3.02,4.05,1.11,0.29,3.14,0.96,6.16,66.71,37.41,47.29,1160.43,0
315,15-Minute Thai Curry For One,5,10,29,Thai,chicken,whole chicken,1,0,0,0,0,0,810.3,56.96,42.93,61.62,51.14,1.34,40.82,146.72,22.69,8.73,0.61,8.64,436.57,1.54,956,3.06,183.47,0.25,0.24,10.49,3.23,0.43,0.65,8.45,0.17,25.74,121.38,90.02,24.82,11800.3,0
316,Vegan Pumpkin Curry,10,25,63,Indian,,,0,0,0,0,0,0,470.65,31.54,26.46,44.5,32.82,16.29,0,845.2,13.11,4.7,0.79,5.81,357.12,1.91,1575.16,1.98,159.89,0.49,3.15,11.69,2.38,0.4,0.59,7.63,0,180.74,203.94,196.36,189.82,23173.45,0
317,Green Apple Curry,5,40,0,Indian,,,0,0,0,0,0,0,131.48,1.78,0.77,31.32,25.71,22.36,2.69,599.17,1.09,0.3,0.14,0.85,36.63,0.14,268.37,0.24,19.75,0.06,1.05,5.62,0.25,0.05,0.1,1.22,0,7.3,37.03,12.32,9.94,160.91,0
318,Japanese Curry With Winter Squash and Mushrooms,-1,-1,21,,,,0,0,0,0,0,0,430.23,24.52,9.26,50.98,39.92,11.87,30.53,33.17,8.15,4.35,0.59,11.36,179.37,1.33,847.56,1.21,72.95,0.29,4.64,11.06,1.71,0.24,0.34,6.2,0,38.3,119.82,105.26,16.7,4221,0.44
319,Zucchini and Potato Chickpea Curry,10,30,23,Indian,,,0,0,0,0,0,0,472.17,20.05,14.29,59.78,50.05,5.28,0,654.23,10.54,2.48,1.17,3.13,239.5,1.13,1029.82,1.77,96.84,0.16,0.64,9.73,1.75,0.25,0.41,3.17,0,8.88,90.37,79.06,45.76,1164.22,0
320,Vegan Thai curry,10,40,65,Thai,,,0,0,0,0,0,0,990.23,52.02,37.29,118.31,99.13,21.85,0,1211.22,24.75,6.33,0.78,68.24,531.39,2.06,1708.3,3.46,228.62,0.35,2.39,19.18,3.87,0.4,1.22,9.15,0,98.35,138.14,172.18,83.5,2399.5,0
321,Instant Pot Coconut Curry Chicken,20,0,35,Indian,chicken,chicken breast,1,0,0,0,0,0,399.4,28.17,22.48,12.23,10.09,5.23,72.57,244.89,27.99,13.18,1.11,37.16,375.35,1.97,951.2,1.23,110.07,0.21,1.49,2.14,1.59,0.16,0.33,5.23,0.23,147.28,77.54,99.91,67.11,5314.51,0
322,Chicken Peanut Curry,15,45,53,Indian,chicken,chicken pieces,1,0,0,0,0,0,637.2,34.82,6.5,24.03,19.9,4.48,161.89,1467.45,58.65,24.02,1.22,43.41,541.17,2.84,888.8,0.97,129.58,0.58,5.9,4.13,4.75,0.38,0.36,5.06,0.87,49.47,97.26,86.8,13.64,450.96,0.23
323,Keralan hake curry,10,55,14,Indian,seafood,hake,0,0,0,0,1,0,333.16,28.5,21.88,19.36,15.05,6.11,0.62,78.59,5.22,1.71,0.22,9.3,153.23,0.39,581.99,1.14,61.11,0.05,1.02,4.32,1.01,0.09,0.41,3.15,0,5.09,49.01,46.75,127.05,380.1,0
324,Dairy-Free Sweet Potato Curry Soup,10,18,11,Indian,,,0,0,0,0,0,0,301.13,23.57,19.31,22.8,17.97,7.5,0,348.71,3.64,1.14,0.22,6.28,136.03,0.75,538.11,1.14,57.35,0.05,0.72,4.83,0.93,0.1,0.38,2.23,0,3.15,50.58,31.08,7.19,9440.16,0
325,Speedy Authentic Thai Curry,-1,-1,21,Thai,pork,pork steaks,0,0,0,1,0,0,351.51,21.48,18.29,31.9,30.71,5.97,0.3,57.2,11.8,1.78,0.22,0,199.59,0.27,784.99,0.83,139.27,0.08,0.35,1.19,0.69,0.25,0.61,7.32,0,11.93,113.89,25.02,51.86,3919.34,0
326,Curry Leaves Potato Chips,-1,-1,59,Indian,,,0,0,0,0,0,0,160.97,1.37,0.17,34.5,30.5,2.81,0,117.7,4.21,25.55,0.38,1.25,133.2,0.6,986.71,0.32,48.64,0.08,0.53,4,0.74,0.18,0.3,1.72,0,7.79,32.61,273.59,58.32,357.36,0
327,Easy Thai Red Curry with Chicken - Simple & Authentic,15,20,28,Indian,chicken,chicken breast,1,0,0,0,0,0,458.25,24.45,19.51,27.89,23.34,6.42,72.57,920.5,27.94,13,1.17,39.04,342.32,1.98,882.3,1.08,88.22,0.26,1.71,4.55,1.48,0.2,0.19,2.64,0.23,121.05,84.6,98.09,53.94,10332.9,0
328,Instant Pot Curried Butternut Squash Soup,15,25,20,,,,0,0,0,0,0,0,222.77,14.32,10.63,25.36,20.44,6.42,0,446.73,3.27,2.31,0.32,3.82,116.21,0.74,744.25,0.9,79,0.05,2.87,4.91,0.69,0.19,0.27,2.81,0,5.01,99.44,55.87,36.49,16248.75,0
329,Sweet potato & coconut curry,20,510,47,Indian,,,0,0,0,0,0,0,495.25,26.3,14.01,61.5,51.73,16.22,0,155.56,9.28,4.03,0.84,2.45,243.85,2.14,1304.41,1.44,118.03,0.26,4.23,9.77,1.62,0.27,0.65,5.18,0,35.08,115.67,79.45,110.72,26092.09,0
330,No-fry Thai curry,-1,-1,54,Thai,chicken,chicken breast,1,0,0,0,0,0,619.81,50.13,43.41,38.96,27.62,15.27,0.64,41.63,11.86,4.09,0.4,23.71,333.35,0.73,922.37,2.39,117.83,0.17,1.46,11.34,2.69,0.3,0.74,5.5,0,58.38,91.87,121.18,115.5,4959.83,0
331,Green Curry with Fish,10,20,75,Indian,seafood,cod fillets,0,0,0,0,1,0,440.01,25.28,20.86,20.23,13.95,6.46,73.14,565.3,38.74,5.91,0.89,60.96,589.54,1.54,1690.94,1.39,167.27,0.4,2.58,6.28,2.3,0.33,0.43,6.27,1.57,181.55,160.05,156,156.97,2688.92,1.53
332,Panang Curry,-1,-1,37,Indian,pork,pork tenderloin,0,0,0,1,1,0,468.29,14.85,4.94,39.92,37.45,9.1,108.5,1268.65,41.95,12.6,1.47,74.98,511.92,1.67,871.94,0.62,92.46,0.62,1.43,2.48,3.85,1.69,0.34,3.73,0.9,28.29,68.99,21.12,24.27,3566.27,0.51
333,Curried tofu wraps,20,25,23,,,,0,0,0,0,0,0,405.06,20.99,2.32,27.58,20.3,10.66,0.4,64.66,30.46,0.71,0.37,2.09,94.05,0.47,482.06,0.42,32.65,0.16,1.45,7.28,0.63,0.13,0.08,5.18,0.12,53.23,507.14,39.44,86.73,2646.61,0